id,prefecture_id,name,created_at,updated_at
981,1,札幌市中央区,2024/10/17 14:05,2024/10/17 14:05
982,1,札幌市北区,2024/10/17 14:05,2024/10/17 14:05
983,1,札幌市東区,2024/10/17 14:05,2024/10/17 14:05
984,1,札幌市白石区,2024/10/17 14:05,2024/10/17 14:05
985,1,札幌市豊平区,2024/10/17 14:05,2024/10/17 14:05
986,1,札幌市南区,2024/10/17 14:05,2024/10/17 14:05
987,1,札幌市西区,2024/10/17 14:05,2024/10/17 14:05
988,1,札幌市厚別区,2024/10/17 14:05,2024/10/17 14:05
989,1,札幌市手稲区,2024/10/17 14:05,2024/10/17 14:05
990,1,札幌市清田区,2024/10/17 14:05,2024/10/17 14:05
991,1,函館市,2024/10/17 14:05,2024/10/17 14:05
992,1,小樽市,2024/10/17 14:05,2024/10/17 14:05
993,1,旭川市,2024/10/17 14:05,2024/10/17 14:05
994,1,室蘭市,2024/10/17 14:05,2024/10/17 14:05
995,1,釧路市,2024/10/17 14:05,2024/10/17 14:05
996,1,帯広市,2024/10/17 14:05,2024/10/17 14:05
997,1,北見市,2024/10/17 14:05,2024/10/17 14:05
998,1,夕張市,2024/10/17 14:05,2024/10/17 14:05
999,1,岩見沢市,2024/10/17 14:05,2024/10/17 14:05
1000,1,網走市,2024/10/17 14:05,2024/10/17 14:05
1001,1,留萌市,2024/10/17 14:05,2024/10/17 14:05
1002,1,苫小牧市,2024/10/17 14:05,2024/10/17 14:05
1003,1,稚内市,2024/10/17 14:05,2024/10/17 14:05
1004,1,美唄市,2024/10/17 14:05,2024/10/17 14:05
1005,1,芦別市,2024/10/17 14:05,2024/10/17 14:05
1006,1,江別市,2024/10/17 14:05,2024/10/17 14:05
1007,1,赤平市,2024/10/17 14:05,2024/10/17 14:05
1008,1,紋別市,2024/10/17 14:05,2024/10/17 14:05
1009,1,士別市,2024/10/17 14:05,2024/10/17 14:05
1010,1,名寄市,2024/10/17 14:05,2024/10/17 14:05
1011,1,三笠市,2024/10/17 14:05,2024/10/17 14:05
1012,1,根室市,2024/10/17 14:05,2024/10/17 14:05
1013,1,千歳市,2024/10/17 14:05,2024/10/17 14:05
1014,1,滝川市,2024/10/17 14:05,2024/10/17 14:05
1015,1,砂川市,2024/10/17 14:05,2024/10/17 14:05
1016,1,歌志内市,2024/10/17 14:05,2024/10/17 14:05
1017,1,深川市,2024/10/17 14:05,2024/10/17 14:05
1018,1,富良野市,2024/10/17 14:05,2024/10/17 14:05
1019,1,登別市,2024/10/17 14:05,2024/10/17 14:05
1020,1,恵庭市,2024/10/17 14:05,2024/10/17 14:05
1021,1,伊達市,2024/10/17 14:05,2024/10/17 14:05
1022,1,北広島市,2024/10/17 14:05,2024/10/17 14:05
1023,1,石狩市,2024/10/17 14:05,2024/10/17 14:05
1024,1,北斗市,2024/10/17 14:05,2024/10/17 14:05
1025,1,石狩郡当別町,2024/10/17 14:05,2024/10/17 14:05
1026,1,石狩郡新篠津村,2024/10/17 14:05,2024/10/17 14:05
1027,1,松前郡松前町,2024/10/17 14:05,2024/10/17 14:05
1028,1,松前郡福島町,2024/10/17 14:05,2024/10/17 14:05
1029,1,上磯郡知内町,2024/10/17 14:05,2024/10/17 14:05
1030,1,上磯郡木古内町,2024/10/17 14:05,2024/10/17 14:05
1031,1,亀田郡七飯町,2024/10/17 14:05,2024/10/17 14:05
1032,1,茅部郡鹿部町,2024/10/17 14:05,2024/10/17 14:05
1033,1,茅部郡森町,2024/10/17 14:05,2024/10/17 14:05
1034,1,二海郡八雲町,2024/10/17 14:05,2024/10/17 14:05
1035,1,山越郡長万部町,2024/10/17 14:05,2024/10/17 14:05
1036,1,檜山郡江差町,2024/10/17 14:05,2024/10/17 14:05
1037,1,檜山郡上ノ国町,2024/10/17 14:05,2024/10/17 14:05
1038,1,檜山郡厚沢部町,2024/10/17 14:05,2024/10/17 14:05
1039,1,爾志郡乙部町,2024/10/17 14:05,2024/10/17 14:05
1040,1,奥尻郡奥尻町,2024/10/17 14:05,2024/10/17 14:05
1041,1,瀬棚郡今金町,2024/10/17 14:05,2024/10/17 14:05
1042,1,久遠郡せたな町,2024/10/17 14:05,2024/10/17 14:05
1043,1,島牧郡島牧村,2024/10/17 14:05,2024/10/17 14:05
1044,1,寿都郡寿都町,2024/10/17 14:05,2024/10/17 14:05
1045,1,寿都郡黒松内町,2024/10/17 14:05,2024/10/17 14:05
1046,1,磯谷郡蘭越町,2024/10/17 14:05,2024/10/17 14:05
1047,1,虻田郡ニセコ町,2024/10/17 14:05,2024/10/17 14:05
1048,1,虻田郡真狩村,2024/10/17 14:05,2024/10/17 14:05
1049,1,虻田郡留寿都村,2024/10/17 14:05,2024/10/17 14:05
1050,1,虻田郡喜茂別町,2024/10/17 14:05,2024/10/17 14:05
1051,1,虻田郡京極町,2024/10/17 14:05,2024/10/17 14:05
1052,1,虻田郡倶知安町,2024/10/17 14:05,2024/10/17 14:05
1053,1,岩内郡共和町,2024/10/17 14:05,2024/10/17 14:05
1054,1,岩内郡岩内町,2024/10/17 14:05,2024/10/17 14:05
1055,1,古宇郡泊村,2024/10/17 14:05,2024/10/17 14:05
1056,1,古宇郡神恵内村,2024/10/17 14:05,2024/10/17 14:05
1057,1,積丹郡積丹町,2024/10/17 14:05,2024/10/17 14:05
1058,1,古平郡古平町,2024/10/17 14:05,2024/10/17 14:05
1059,1,余市郡仁木町,2024/10/17 14:05,2024/10/17 14:05
1060,1,余市郡余市町,2024/10/17 14:05,2024/10/17 14:05
1061,1,余市郡赤井川村,2024/10/17 14:05,2024/10/17 14:05
1062,1,空知郡南幌町,2024/10/17 14:05,2024/10/17 14:05
1063,1,空知郡奈井江町,2024/10/17 14:05,2024/10/17 14:05
1064,1,空知郡上砂川町,2024/10/17 14:05,2024/10/17 14:05
1065,1,夕張郡由仁町,2024/10/17 14:05,2024/10/17 14:05
1066,1,夕張郡長沼町,2024/10/17 14:05,2024/10/17 14:05
1067,1,夕張郡栗山町,2024/10/17 14:05,2024/10/17 14:05
1068,1,樺戸郡月形町,2024/10/17 14:05,2024/10/17 14:05
1069,1,樺戸郡浦臼町,2024/10/17 14:05,2024/10/17 14:05
1070,1,樺戸郡新十津川町,2024/10/17 14:05,2024/10/17 14:05
1071,1,雨竜郡妹背牛町,2024/10/17 14:05,2024/10/17 14:05
1072,1,雨竜郡秩父別町,2024/10/17 14:05,2024/10/17 14:05
1073,1,雨竜郡雨竜町,2024/10/17 14:05,2024/10/17 14:05
1074,1,雨竜郡北竜町,2024/10/17 14:05,2024/10/17 14:05
1075,1,雨竜郡沼田町,2024/10/17 14:05,2024/10/17 14:05
1076,1,上川郡鷹栖町,2024/10/17 14:05,2024/10/17 14:05
1077,1,上川郡東神楽町,2024/10/17 14:05,2024/10/17 14:05
1078,1,上川郡当麻町,2024/10/17 14:05,2024/10/17 14:05
1079,1,上川郡比布町,2024/10/17 14:05,2024/10/17 14:05
1080,1,上川郡愛別町,2024/10/17 14:05,2024/10/17 14:05
1081,1,上川郡上川町,2024/10/17 14:05,2024/10/17 14:05
1082,1,上川郡東川町,2024/10/17 14:05,2024/10/17 14:05
1083,1,上川郡美瑛町,2024/10/17 14:05,2024/10/17 14:05
1084,1,空知郡上富良野町,2024/10/17 14:06,2024/10/17 14:06
1085,1,空知郡中富良野町,2024/10/17 14:06,2024/10/17 14:06
1086,1,空知郡南富良野町,2024/10/17 14:06,2024/10/17 14:06
1087,1,勇払郡占冠村,2024/10/17 14:06,2024/10/17 14:06
1088,1,上川郡和寒町,2024/10/17 14:06,2024/10/17 14:06
1089,1,上川郡剣淵町,2024/10/17 14:06,2024/10/17 14:06
1090,1,上川郡下川町,2024/10/17 14:06,2024/10/17 14:06
1091,1,中川郡美深町,2024/10/17 14:06,2024/10/17 14:06
1092,1,中川郡音威子府村,2024/10/17 14:06,2024/10/17 14:06
1093,1,中川郡中川町,2024/10/17 14:06,2024/10/17 14:06
1094,1,雨竜郡幌加内町,2024/10/17 14:06,2024/10/17 14:06
1095,1,増毛郡増毛町,2024/10/17 14:06,2024/10/17 14:06
1096,1,留萌郡小平町,2024/10/17 14:06,2024/10/17 14:06
1097,1,苫前郡苫前町,2024/10/17 14:06,2024/10/17 14:06
1098,1,苫前郡羽幌町,2024/10/17 14:06,2024/10/17 14:06
1099,1,苫前郡初山別村,2024/10/17 14:06,2024/10/17 14:06
1100,1,天塩郡遠別町,2024/10/17 14:06,2024/10/17 14:06
1101,1,天塩郡天塩町,2024/10/17 14:06,2024/10/17 14:06
1102,1,宗谷郡猿払村,2024/10/17 14:06,2024/10/17 14:06
1103,1,枝幸郡浜頓別町,2024/10/17 14:06,2024/10/17 14:06
1104,1,枝幸郡中頓別町,2024/10/17 14:06,2024/10/17 14:06
1105,1,枝幸郡枝幸町,2024/10/17 14:06,2024/10/17 14:06
1106,1,天塩郡豊富町,2024/10/17 14:06,2024/10/17 14:06
1107,1,礼文郡礼文町,2024/10/17 14:06,2024/10/17 14:06
1108,1,利尻郡利尻町,2024/10/17 14:06,2024/10/17 14:06
1109,1,利尻郡利尻富士町,2024/10/17 14:06,2024/10/17 14:06
1110,1,天塩郡幌延町,2024/10/17 14:06,2024/10/17 14:06
1111,1,網走郡美幌町,2024/10/17 14:06,2024/10/17 14:06
1112,1,網走郡津別町,2024/10/17 14:06,2024/10/17 14:06
1113,1,斜里郡斜里町,2024/10/17 14:06,2024/10/17 14:06
1114,1,斜里郡清里町,2024/10/17 14:06,2024/10/17 14:06
1115,1,斜里郡小清水町,2024/10/17 14:06,2024/10/17 14:06
1116,1,常呂郡訓子府町,2024/10/17 14:06,2024/10/17 14:06
1117,1,常呂郡置戸町,2024/10/17 14:06,2024/10/17 14:06
1118,1,常呂郡佐呂間町,2024/10/17 14:06,2024/10/17 14:06
1119,1,紋別郡遠軽町,2024/10/17 14:06,2024/10/17 14:06
1120,1,紋別郡湧別町,2024/10/17 14:06,2024/10/17 14:06
1121,1,紋別郡滝上町,2024/10/17 14:06,2024/10/17 14:06
1122,1,紋別郡興部町,2024/10/17 14:06,2024/10/17 14:06
1123,1,紋別郡西興部村,2024/10/17 14:06,2024/10/17 14:06
1124,1,紋別郡雄武町,2024/10/17 14:06,2024/10/17 14:06
1125,1,網走郡大空町,2024/10/17 14:06,2024/10/17 14:06
1126,1,虻田郡豊浦町,2024/10/17 14:06,2024/10/17 14:06
1127,1,有珠郡壮瞥町,2024/10/17 14:06,2024/10/17 14:06
1128,1,白老郡白老町,2024/10/17 14:06,2024/10/17 14:06
1129,1,勇払郡厚真町,2024/10/17 14:06,2024/10/17 14:06
1130,1,虻田郡洞爺湖町,2024/10/17 14:06,2024/10/17 14:06
1131,1,勇払郡安平町,2024/10/17 14:06,2024/10/17 14:06
1132,1,勇払郡むかわ町,2024/10/17 14:06,2024/10/17 14:06
1133,1,沙流郡日高町,2024/10/17 14:06,2024/10/17 14:06
1134,1,沙流郡平取町,2024/10/17 14:06,2024/10/17 14:06
1135,1,新冠郡新冠町,2024/10/17 14:06,2024/10/17 14:06
1136,1,浦河郡浦河町,2024/10/17 14:06,2024/10/17 14:06
1137,1,様似郡様似町,2024/10/17 14:06,2024/10/17 14:06
1138,1,幌泉郡えりも町,2024/10/17 14:06,2024/10/17 14:06
1139,1,日高郡新ひだか町,2024/10/17 14:06,2024/10/17 14:06
1140,1,河東郡音更町,2024/10/17 14:06,2024/10/17 14:06
1141,1,河東郡士幌町,2024/10/17 14:06,2024/10/17 14:06
1142,1,河東郡上士幌町,2024/10/17 14:06,2024/10/17 14:06
1143,1,河東郡鹿追町,2024/10/17 14:06,2024/10/17 14:06
1144,1,上川郡新得町,2024/10/17 14:06,2024/10/17 14:06
1145,1,上川郡清水町,2024/10/17 14:06,2024/10/17 14:06
1146,1,河西郡芽室町,2024/10/17 14:06,2024/10/17 14:06
1147,1,河西郡中札内村,2024/10/17 14:06,2024/10/17 14:06
1148,1,河西郡更別村,2024/10/17 14:06,2024/10/17 14:06
1149,1,広尾郡大樹町,2024/10/17 14:06,2024/10/17 14:06
1150,1,広尾郡広尾町,2024/10/17 14:06,2024/10/17 14:06
1151,1,中川郡幕別町,2024/10/17 14:06,2024/10/17 14:06
1152,1,中川郡池田町,2024/10/17 14:06,2024/10/17 14:06
1153,1,中川郡豊頃町,2024/10/17 14:06,2024/10/17 14:06
1154,1,中川郡本別町,2024/10/17 14:06,2024/10/17 14:06
1155,1,足寄郡足寄町,2024/10/17 14:06,2024/10/17 14:06
1156,1,足寄郡陸別町,2024/10/17 14:06,2024/10/17 14:06
1157,1,十勝郡浦幌町,2024/10/17 14:06,2024/10/17 14:06
1158,1,釧路郡釧路町,2024/10/17 14:06,2024/10/17 14:06
1159,1,厚岸郡厚岸町,2024/10/17 14:06,2024/10/17 14:06
1160,1,厚岸郡浜中町,2024/10/17 14:06,2024/10/17 14:06
1161,1,川上郡標茶町,2024/10/17 14:06,2024/10/17 14:06
1162,1,川上郡弟子屈町,2024/10/17 14:06,2024/10/17 14:06
1163,1,阿寒郡鶴居村,2024/10/17 14:06,2024/10/17 14:06
1164,1,白糠郡白糠町,2024/10/17 14:06,2024/10/17 14:06
1165,1,野付郡別海町,2024/10/17 14:06,2024/10/17 14:06
1166,1,標津郡中標津町,2024/10/17 14:06,2024/10/17 14:06
1167,1,標津郡標津町,2024/10/17 14:06,2024/10/17 14:06
1168,1,目梨郡羅臼町,2024/10/17 14:06,2024/10/17 14:06
1169,2,青森市,2024/10/17 14:06,2024/10/17 14:06
1170,2,弘前市,2024/10/17 14:06,2024/10/17 14:06
1171,2,八戸市,2024/10/17 14:06,2024/10/17 14:06
1172,2,黒石市,2024/10/17 14:06,2024/10/17 14:06
1173,2,五所川原市,2024/10/17 14:06,2024/10/17 14:06
1174,2,十和田市,2024/10/17 14:06,2024/10/17 14:06
1175,2,三沢市,2024/10/17 14:06,2024/10/17 14:06
1176,2,むつ市,2024/10/17 14:06,2024/10/17 14:06
1177,2,つがる市,2024/10/17 14:06,2024/10/17 14:06
1178,2,平川市,2024/10/17 14:06,2024/10/17 14:06
1179,2,東津軽郡平内町,2024/10/17 14:06,2024/10/17 14:06
1180,2,東津軽郡今別町,2024/10/17 14:06,2024/10/17 14:06
1181,2,東津軽郡蓬田村,2024/10/17 14:06,2024/10/17 14:06
1182,2,東津軽郡外ヶ浜町,2024/10/17 14:06,2024/10/17 14:06
1183,2,西津軽郡鰺ヶ沢町,2024/10/17 14:06,2024/10/17 14:06
1184,2,西津軽郡深浦町,2024/10/17 14:06,2024/10/17 14:06
1185,2,中津軽郡西目屋村,2024/10/17 14:06,2024/10/17 14:06
1186,2,南津軽郡藤崎町,2024/10/17 14:06,2024/10/17 14:06
1187,2,南津軽郡大鰐町,2024/10/17 14:06,2024/10/17 14:06
1188,2,南津軽郡田舎館村,2024/10/17 14:06,2024/10/17 14:06
1189,2,北津軽郡板柳町,2024/10/17 14:06,2024/10/17 14:06
1190,2,北津軽郡鶴田町,2024/10/17 14:06,2024/10/17 14:06
1191,2,北津軽郡中泊町,2024/10/17 14:06,2024/10/17 14:06
1192,2,上北郡野辺地町,2024/10/17 14:06,2024/10/17 14:06
1193,2,上北郡七戸町,2024/10/17 14:06,2024/10/17 14:06
1194,2,上北郡六戸町,2024/10/17 14:06,2024/10/17 14:06
1195,2,上北郡横浜町,2024/10/17 14:06,2024/10/17 14:06
1196,2,上北郡東北町,2024/10/17 14:06,2024/10/17 14:06
1197,2,上北郡六ヶ所村,2024/10/17 14:06,2024/10/17 14:06
1198,2,上北郡おいらせ町,2024/10/17 14:06,2024/10/17 14:06
1199,2,下北郡大間町,2024/10/17 14:06,2024/10/17 14:06
1200,2,下北郡東通村,2024/10/17 14:06,2024/10/17 14:06
1201,2,下北郡風間浦村,2024/10/17 14:06,2024/10/17 14:06
1202,2,下北郡佐井村,2024/10/17 14:06,2024/10/17 14:06
1203,2,三戸郡三戸町,2024/10/17 14:06,2024/10/17 14:06
1204,2,三戸郡五戸町,2024/10/17 14:06,2024/10/17 14:06
1205,2,三戸郡田子町,2024/10/17 14:06,2024/10/17 14:06
1206,2,三戸郡南部町,2024/10/17 14:06,2024/10/17 14:06
1207,2,三戸郡階上町,2024/10/17 14:06,2024/10/17 14:06
1208,2,三戸郡新郷村,2024/10/17 14:06,2024/10/17 14:06
1209,3,盛岡市,2024/10/17 14:06,2024/10/17 14:06
1210,3,宮古市,2024/10/17 14:06,2024/10/17 14:06
1211,3,大船渡市,2024/10/17 14:06,2024/10/17 14:06
1212,3,花巻市,2024/10/17 14:06,2024/10/17 14:06
1213,3,北上市,2024/10/17 14:06,2024/10/17 14:06
1214,3,久慈市,2024/10/17 14:06,2024/10/17 14:06
1215,3,遠野市,2024/10/17 14:06,2024/10/17 14:06
1216,3,一関市,2024/10/17 14:06,2024/10/17 14:06
1217,3,陸前高田市,2024/10/17 14:06,2024/10/17 14:06
1218,3,釜石市,2024/10/17 14:06,2024/10/17 14:06
1219,3,二戸市,2024/10/17 14:06,2024/10/17 14:06
1220,3,八幡平市,2024/10/17 14:06,2024/10/17 14:06
1221,3,奥州市,2024/10/17 14:06,2024/10/17 14:06
1222,3,滝沢市,2024/10/17 14:06,2024/10/17 14:06
1223,3,岩手郡雫石町,2024/10/17 14:06,2024/10/17 14:06
1224,3,岩手郡葛巻町,2024/10/17 14:06,2024/10/17 14:06
1225,3,岩手郡岩手町,2024/10/17 14:06,2024/10/17 14:06
1226,3,紫波郡紫波町,2024/10/17 14:06,2024/10/17 14:06
1227,3,紫波郡矢巾町,2024/10/17 14:06,2024/10/17 14:06
1228,3,和賀郡西和賀町,2024/10/17 14:06,2024/10/17 14:06
1229,3,胆沢郡金ケ崎町,2024/10/17 14:06,2024/10/17 14:06
1230,3,西磐井郡平泉町,2024/10/17 14:06,2024/10/17 14:06
1231,3,気仙郡住田町,2024/10/17 14:06,2024/10/17 14:06
1232,3,上閉伊郡大槌町,2024/10/17 14:06,2024/10/17 14:06
1233,3,下閉伊郡山田町,2024/10/17 14:07,2024/10/17 14:07
1234,3,下閉伊郡岩泉町,2024/10/17 14:07,2024/10/17 14:07
1235,3,下閉伊郡田野畑村,2024/10/17 14:07,2024/10/17 14:07
1236,3,下閉伊郡普代村,2024/10/17 14:07,2024/10/17 14:07
1237,3,九戸郡軽米町,2024/10/17 14:07,2024/10/17 14:07
1238,3,九戸郡野田村,2024/10/17 14:07,2024/10/17 14:07
1239,3,九戸郡九戸村,2024/10/17 14:07,2024/10/17 14:07
1240,3,九戸郡洋野町,2024/10/17 14:07,2024/10/17 14:07
1241,3,二戸郡一戸町,2024/10/17 14:07,2024/10/17 14:07
1242,4,仙台市青葉区,2024/10/17 14:07,2024/10/17 14:07
1243,4,仙台市宮城野区,2024/10/17 14:07,2024/10/17 14:07
1244,4,仙台市若林区,2024/10/17 14:07,2024/10/17 14:07
1245,4,仙台市太白区,2024/10/17 14:07,2024/10/17 14:07
1246,4,仙台市泉区,2024/10/17 14:07,2024/10/17 14:07
1247,4,石巻市,2024/10/17 14:07,2024/10/17 14:07
1248,4,塩竈市,2024/10/17 14:07,2024/10/17 14:07
1249,4,気仙沼市,2024/10/17 14:07,2024/10/17 14:07
1250,4,白石市,2024/10/17 14:07,2024/10/17 14:07
1251,4,名取市,2024/10/17 14:07,2024/10/17 14:07
1252,4,角田市,2024/10/17 14:07,2024/10/17 14:07
1253,4,多賀城市,2024/10/17 14:07,2024/10/17 14:07
1254,4,岩沼市,2024/10/17 14:07,2024/10/17 14:07
1255,4,登米市,2024/10/17 14:07,2024/10/17 14:07
1256,4,栗原市,2024/10/17 14:07,2024/10/17 14:07
1257,4,東松島市,2024/10/17 14:07,2024/10/17 14:07
1258,4,大崎市,2024/10/17 14:07,2024/10/17 14:07
1259,4,富谷市,2024/10/17 14:07,2024/10/17 14:07
1260,4,刈田郡蔵王町,2024/10/17 14:07,2024/10/17 14:07
1261,4,刈田郡七ヶ宿町,2024/10/17 14:07,2024/10/17 14:07
1262,4,柴田郡大河原町,2024/10/17 14:07,2024/10/17 14:07
1263,4,柴田郡村田町,2024/10/17 14:07,2024/10/17 14:07
1264,4,柴田郡柴田町,2024/10/17 14:07,2024/10/17 14:07
1265,4,柴田郡川崎町,2024/10/17 14:07,2024/10/17 14:07
1266,4,伊具郡丸森町,2024/10/17 14:07,2024/10/17 14:07
1267,4,亘理郡亘理町,2024/10/17 14:07,2024/10/17 14:07
1268,4,亘理郡山元町,2024/10/17 14:07,2024/10/17 14:07
1269,4,宮城郡松島町,2024/10/17 14:07,2024/10/17 14:07
1270,4,宮城郡七ヶ浜町,2024/10/17 14:07,2024/10/17 14:07
1271,4,宮城郡利府町,2024/10/17 14:07,2024/10/17 14:07
1272,4,黒川郡大和町,2024/10/17 14:07,2024/10/17 14:07
1273,4,黒川郡大郷町,2024/10/17 14:07,2024/10/17 14:07
1274,4,黒川郡大衡村,2024/10/17 14:07,2024/10/17 14:07
1275,4,加美郡色麻町,2024/10/17 14:07,2024/10/17 14:07
1276,4,加美郡加美町,2024/10/17 14:07,2024/10/17 14:07
1277,4,遠田郡涌谷町,2024/10/17 14:07,2024/10/17 14:07
1278,4,遠田郡美里町,2024/10/17 14:07,2024/10/17 14:07
1279,4,牡鹿郡女川町,2024/10/17 14:07,2024/10/17 14:07
1280,4,本吉郡南三陸町,2024/10/17 14:07,2024/10/17 14:07
1281,5,秋田市,2024/10/17 14:07,2024/10/17 14:07
1282,5,能代市,2024/10/17 14:07,2024/10/17 14:07
1283,5,横手市,2024/10/17 14:07,2024/10/17 14:07
1284,5,大館市,2024/10/17 14:07,2024/10/17 14:07
1285,5,男鹿市,2024/10/17 14:07,2024/10/17 14:07
1286,5,湯沢市,2024/10/17 14:07,2024/10/17 14:07
1287,5,鹿角市,2024/10/17 14:07,2024/10/17 14:07
1288,5,由利本荘市,2024/10/17 14:07,2024/10/17 14:07
1289,5,潟上市,2024/10/17 14:07,2024/10/17 14:07
1290,5,大仙市,2024/10/17 14:07,2024/10/17 14:07
1291,5,北秋田市,2024/10/17 14:07,2024/10/17 14:07
1292,5,にかほ市,2024/10/17 14:07,2024/10/17 14:07
1293,5,仙北市,2024/10/17 14:07,2024/10/17 14:07
1294,5,鹿角郡小坂町,2024/10/17 14:07,2024/10/17 14:07
1295,5,北秋田郡上小阿仁村,2024/10/17 14:07,2024/10/17 14:07
1296,5,山本郡藤里町,2024/10/17 14:07,2024/10/17 14:07
1297,5,山本郡三種町,2024/10/17 14:07,2024/10/17 14:07
1298,5,山本郡八峰町,2024/10/17 14:07,2024/10/17 14:07
1299,5,南秋田郡五城目町,2024/10/17 14:07,2024/10/17 14:07
1300,5,南秋田郡八郎潟町,2024/10/17 14:07,2024/10/17 14:07
1301,5,南秋田郡井川町,2024/10/17 14:07,2024/10/17 14:07
1302,5,南秋田郡大潟村,2024/10/17 14:07,2024/10/17 14:07
1303,5,仙北郡美郷町,2024/10/17 14:07,2024/10/17 14:07
1304,5,雄勝郡羽後町,2024/10/17 14:07,2024/10/17 14:07
1305,5,雄勝郡東成瀬村,2024/10/17 14:07,2024/10/17 14:07
1306,6,山形市,2024/10/17 14:07,2024/10/17 14:07
1307,6,米沢市,2024/10/17 14:07,2024/10/17 14:07
1308,6,鶴岡市,2024/10/17 14:07,2024/10/17 14:07
1309,6,酒田市,2024/10/17 14:07,2024/10/17 14:07
1310,6,新庄市,2024/10/17 14:07,2024/10/17 14:07
1311,6,寒河江市,2024/10/17 14:07,2024/10/17 14:07
1312,6,上山市,2024/10/17 14:07,2024/10/17 14:07
1313,6,村山市,2024/10/17 14:07,2024/10/17 14:07
1314,6,長井市,2024/10/17 14:07,2024/10/17 14:07
1315,6,天童市,2024/10/17 14:07,2024/10/17 14:07
1316,6,東根市,2024/10/17 14:07,2024/10/17 14:07
1317,6,尾花沢市,2024/10/17 14:07,2024/10/17 14:07
1318,6,南陽市,2024/10/17 14:07,2024/10/17 14:07
1319,6,東村山郡山辺町,2024/10/17 14:07,2024/10/17 14:07
1320,6,東村山郡中山町,2024/10/17 14:07,2024/10/17 14:07
1321,6,西村山郡河北町,2024/10/17 14:07,2024/10/17 14:07
1322,6,西村山郡西川町,2024/10/17 14:07,2024/10/17 14:07
1323,6,西村山郡朝日町,2024/10/17 14:07,2024/10/17 14:07
1324,6,西村山郡大江町,2024/10/17 14:07,2024/10/17 14:07
1325,6,北村山郡大石田町,2024/10/17 14:07,2024/10/17 14:07
1326,6,最上郡金山町,2024/10/17 14:07,2024/10/17 14:07
1327,6,最上郡最上町,2024/10/17 14:07,2024/10/17 14:07
1328,6,最上郡舟形町,2024/10/17 14:07,2024/10/17 14:07
1329,6,最上郡真室川町,2024/10/17 14:07,2024/10/17 14:07
1330,6,最上郡大蔵村,2024/10/17 14:07,2024/10/17 14:07
1331,6,最上郡鮭川村,2024/10/17 14:07,2024/10/17 14:07
1332,6,最上郡戸沢村,2024/10/17 14:07,2024/10/17 14:07
1333,6,東置賜郡高畠町,2024/10/17 14:07,2024/10/17 14:07
1334,6,東置賜郡川西町,2024/10/17 14:07,2024/10/17 14:07
1335,6,西置賜郡小国町,2024/10/17 14:07,2024/10/17 14:07
1336,6,西置賜郡白鷹町,2024/10/17 14:07,2024/10/17 14:07
1337,6,西置賜郡飯豊町,2024/10/17 14:07,2024/10/17 14:07
1338,6,東田川郡三川町,2024/10/17 14:07,2024/10/17 14:07
1339,6,東田川郡庄内町,2024/10/17 14:07,2024/10/17 14:07
1340,6,飽海郡遊佐町,2024/10/17 14:07,2024/10/17 14:07
1341,7,福島市,2024/10/17 14:07,2024/10/17 14:07
1342,7,会津若松市,2024/10/17 14:07,2024/10/17 14:07
1343,7,郡山市,2024/10/17 14:07,2024/10/17 14:07
1344,7,いわき市,2024/10/17 14:07,2024/10/17 14:07
1345,7,白河市,2024/10/17 14:07,2024/10/17 14:07
1346,7,須賀川市,2024/10/17 14:07,2024/10/17 14:07
1347,7,喜多方市,2024/10/17 14:07,2024/10/17 14:07
1348,7,相馬市,2024/10/17 14:07,2024/10/17 14:07
1349,7,二本松市,2024/10/17 14:07,2024/10/17 14:07
1350,7,田村市,2024/10/17 14:07,2024/10/17 14:07
1351,7,南相馬市,2024/10/17 14:07,2024/10/17 14:07
1352,7,伊達市,2024/10/17 14:07,2024/10/17 14:07
1353,7,本宮市,2024/10/17 14:07,2024/10/17 14:07
1354,7,伊達郡桑折町,2024/10/17 14:07,2024/10/17 14:07
1355,7,伊達郡国見町,2024/10/17 14:07,2024/10/17 14:07
1356,7,伊達郡川俣町,2024/10/17 14:07,2024/10/17 14:07
1357,7,安達郡大玉村,2024/10/17 14:07,2024/10/17 14:07
1358,7,岩瀬郡鏡石町,2024/10/17 14:07,2024/10/17 14:07
1359,7,岩瀬郡天栄村,2024/10/17 14:07,2024/10/17 14:07
1360,7,南会津郡下郷町,2024/10/17 14:07,2024/10/17 14:07
1361,7,南会津郡檜枝岐村,2024/10/17 14:07,2024/10/17 14:07
1362,7,南会津郡只見町,2024/10/17 14:07,2024/10/17 14:07
1363,7,南会津郡南会津町,2024/10/17 14:07,2024/10/17 14:07
1364,7,耶麻郡北塩原村,2024/10/17 14:07,2024/10/17 14:07
1365,7,耶麻郡西会津町,2024/10/17 14:07,2024/10/17 14:07
1366,7,耶麻郡磐梯町,2024/10/17 14:07,2024/10/17 14:07
1367,7,耶麻郡猪苗代町,2024/10/17 14:07,2024/10/17 14:07
1368,7,河沼郡会津坂下町,2024/10/17 14:07,2024/10/17 14:07
1369,7,河沼郡湯川村,2024/10/17 14:07,2024/10/17 14:07
1370,7,河沼郡柳津町,2024/10/17 14:07,2024/10/17 14:07
1371,7,大沼郡三島町,2024/10/17 14:07,2024/10/17 14:07
1372,7,大沼郡金山町,2024/10/17 14:07,2024/10/17 14:07
1373,7,大沼郡昭和村,2024/10/17 14:07,2024/10/17 14:07
1374,7,大沼郡会津美里町,2024/10/17 14:07,2024/10/17 14:07
1375,7,西白河郡西郷村,2024/10/17 14:07,2024/10/17 14:07
1376,7,西白河郡泉崎村,2024/10/17 14:07,2024/10/17 14:07
1377,7,西白河郡中島村,2024/10/17 14:07,2024/10/17 14:07
1378,7,西白河郡矢吹町,2024/10/17 14:07,2024/10/17 14:07
1379,7,東白川郡棚倉町,2024/10/17 14:07,2024/10/17 14:07
1380,7,東白川郡矢祭町,2024/10/17 14:07,2024/10/17 14:07
1381,7,東白川郡塙町,2024/10/17 14:07,2024/10/17 14:07
1382,7,東白川郡鮫川村,2024/10/17 14:08,2024/10/17 14:08
1383,7,石川郡石川町,2024/10/17 14:08,2024/10/17 14:08
1384,7,石川郡玉川村,2024/10/17 14:08,2024/10/17 14:08
1385,7,石川郡平田村,2024/10/17 14:08,2024/10/17 14:08
1386,7,石川郡浅川町,2024/10/17 14:08,2024/10/17 14:08
1387,7,石川郡古殿町,2024/10/17 14:08,2024/10/17 14:08
1388,7,田村郡三春町,2024/10/17 14:08,2024/10/17 14:08
1389,7,田村郡小野町,2024/10/17 14:08,2024/10/17 14:08
1390,7,双葉郡広野町,2024/10/17 14:08,2024/10/17 14:08
1391,7,双葉郡楢葉町,2024/10/17 14:08,2024/10/17 14:08
1392,7,双葉郡富岡町,2024/10/17 14:08,2024/10/17 14:08
1393,7,双葉郡川内村,2024/10/17 14:08,2024/10/17 14:08
1394,7,双葉郡大熊町,2024/10/17 14:08,2024/10/17 14:08
1395,7,双葉郡双葉町,2024/10/17 14:08,2024/10/17 14:08
1396,7,双葉郡浪江町,2024/10/17 14:08,2024/10/17 14:08
1397,7,双葉郡葛尾村,2024/10/17 14:08,2024/10/17 14:08
1398,7,相馬郡新地町,2024/10/17 14:08,2024/10/17 14:08
1399,7,相馬郡飯舘村,2024/10/17 14:08,2024/10/17 14:08
1400,8,水戸市,2024/10/17 14:08,2024/10/17 14:08
1401,8,日立市,2024/10/17 14:08,2024/10/17 14:08
1402,8,土浦市,2024/10/17 14:08,2024/10/17 14:08
1403,8,古河市,2024/10/17 14:08,2024/10/17 14:08
1404,8,石岡市,2024/10/17 14:08,2024/10/17 14:08
1405,8,結城市,2024/10/17 14:08,2024/10/17 14:08
1406,8,龍ケ崎市,2024/10/17 14:08,2024/10/17 14:08
1407,8,下妻市,2024/10/17 14:08,2024/10/17 14:08
1408,8,常総市,2024/10/17 14:08,2024/10/17 14:08
1409,8,常陸太田市,2024/10/17 14:08,2024/10/17 14:08
1410,8,高萩市,2024/10/17 14:08,2024/10/17 14:08
1411,8,北茨城市,2024/10/17 14:08,2024/10/17 14:08
1412,8,笠間市,2024/10/17 14:08,2024/10/17 14:08
1413,8,取手市,2024/10/17 14:08,2024/10/17 14:08
1414,8,牛久市,2024/10/17 14:08,2024/10/17 14:08
1415,8,つくば市,2024/10/17 14:08,2024/10/17 14:08
1416,8,ひたちなか市,2024/10/17 14:08,2024/10/17 14:08
1417,8,鹿嶋市,2024/10/17 14:08,2024/10/17 14:08
1418,8,潮来市,2024/10/17 14:08,2024/10/17 14:08
1419,8,守谷市,2024/10/17 14:08,2024/10/17 14:08
1420,8,常陸大宮市,2024/10/17 14:08,2024/10/17 14:08
1421,8,那珂市,2024/10/17 14:08,2024/10/17 14:08
1422,8,筑西市,2024/10/17 14:08,2024/10/17 14:08
1423,8,坂東市,2024/10/17 14:08,2024/10/17 14:08
1424,8,稲敷市,2024/10/17 14:08,2024/10/17 14:08
1425,8,かすみがうら市,2024/10/17 14:08,2024/10/17 14:08
1426,8,桜川市,2024/10/17 14:08,2024/10/17 14:08
1427,8,神栖市,2024/10/17 14:08,2024/10/17 14:08
1428,8,行方市,2024/10/17 14:08,2024/10/17 14:08
1429,8,鉾田市,2024/10/17 14:08,2024/10/17 14:08
1430,8,つくばみらい市,2024/10/17 14:08,2024/10/17 14:08
1431,8,小美玉市,2024/10/17 14:08,2024/10/17 14:08
1432,8,東茨城郡茨城町,2024/10/17 14:08,2024/10/17 14:08
1433,8,東茨城郡大洗町,2024/10/17 14:08,2024/10/17 14:08
1434,8,東茨城郡城里町,2024/10/17 14:08,2024/10/17 14:08
1435,8,那珂郡東海村,2024/10/17 14:08,2024/10/17 14:08
1436,8,久慈郡大子町,2024/10/17 14:08,2024/10/17 14:08
1437,8,稲敷郡美浦村,2024/10/17 14:08,2024/10/17 14:08
1438,8,稲敷郡阿見町,2024/10/17 14:08,2024/10/17 14:08
1439,8,稲敷郡河内町,2024/10/17 14:08,2024/10/17 14:08
1440,8,結城郡八千代町,2024/10/17 14:08,2024/10/17 14:08
1441,8,猿島郡五霞町,2024/10/17 14:08,2024/10/17 14:08
1442,8,猿島郡境町,2024/10/17 14:08,2024/10/17 14:08
1443,8,北相馬郡利根町,2024/10/17 14:08,2024/10/17 14:08
1444,9,宇都宮市,2024/10/17 14:08,2024/10/17 14:08
1445,9,足利市,2024/10/17 14:08,2024/10/17 14:08
1446,9,栃木市,2024/10/17 14:08,2024/10/17 14:08
1447,9,佐野市,2024/10/17 14:08,2024/10/17 14:08
1448,9,鹿沼市,2024/10/17 14:08,2024/10/17 14:08
1449,9,日光市,2024/10/17 14:08,2024/10/17 14:08
1450,9,小山市,2024/10/17 14:08,2024/10/17 14:08
1451,9,真岡市,2024/10/17 14:08,2024/10/17 14:08
1452,9,大田原市,2024/10/17 14:08,2024/10/17 14:08
1453,9,矢板市,2024/10/17 14:08,2024/10/17 14:08
1454,9,那須塩原市,2024/10/17 14:08,2024/10/17 14:08
1455,9,さくら市,2024/10/17 14:08,2024/10/17 14:08
1456,9,那須烏山市,2024/10/17 14:08,2024/10/17 14:08
1457,9,下野市,2024/10/17 14:08,2024/10/17 14:08
1458,9,河内郡上三川町,2024/10/17 14:08,2024/10/17 14:08
1459,9,芳賀郡益子町,2024/10/17 14:08,2024/10/17 14:08
1460,9,芳賀郡茂木町,2024/10/17 14:08,2024/10/17 14:08
1461,9,芳賀郡市貝町,2024/10/17 14:08,2024/10/17 14:08
1462,9,芳賀郡芳賀町,2024/10/17 14:08,2024/10/17 14:08
1463,9,下都賀郡壬生町,2024/10/17 14:08,2024/10/17 14:08
1464,9,下都賀郡野木町,2024/10/17 14:08,2024/10/17 14:08
1465,9,塩谷郡塩谷町,2024/10/17 14:08,2024/10/17 14:08
1466,9,塩谷郡高根沢町,2024/10/17 14:08,2024/10/17 14:08
1467,9,那須郡那須町,2024/10/17 14:08,2024/10/17 14:08
1468,9,那須郡那珂川町,2024/10/17 14:08,2024/10/17 14:08
1469,10,前橋市,2024/10/17 14:08,2024/10/17 14:08
1470,10,高崎市,2024/10/17 14:08,2024/10/17 14:08
1471,10,桐生市,2024/10/17 14:08,2024/10/17 14:08
1472,10,伊勢崎市,2024/10/17 14:08,2024/10/17 14:08
1473,10,太田市,2024/10/17 14:08,2024/10/17 14:08
1474,10,沼田市,2024/10/17 14:08,2024/10/17 14:08
1475,10,館林市,2024/10/17 14:08,2024/10/17 14:08
1476,10,渋川市,2024/10/17 14:08,2024/10/17 14:08
1477,10,藤岡市,2024/10/17 14:08,2024/10/17 14:08
1478,10,富岡市,2024/10/17 14:08,2024/10/17 14:08
1479,10,安中市,2024/10/17 14:08,2024/10/17 14:08
1480,10,みどり市,2024/10/17 14:08,2024/10/17 14:08
1481,10,北群馬郡榛東村,2024/10/17 14:08,2024/10/17 14:08
1482,10,北群馬郡吉岡町,2024/10/17 14:08,2024/10/17 14:08
1483,10,多野郡上野村,2024/10/17 14:08,2024/10/17 14:08
1484,10,多野郡神流町,2024/10/17 14:08,2024/10/17 14:08
1485,10,甘楽郡下仁田町,2024/10/17 14:08,2024/10/17 14:08
1486,10,甘楽郡南牧村,2024/10/17 14:08,2024/10/17 14:08
1487,10,甘楽郡甘楽町,2024/10/17 14:08,2024/10/17 14:08
1488,10,吾妻郡中之条町,2024/10/17 14:08,2024/10/17 14:08
1489,10,吾妻郡長野原町,2024/10/17 14:08,2024/10/17 14:08
1490,10,吾妻郡嬬恋村,2024/10/17 14:08,2024/10/17 14:08
1491,10,吾妻郡草津町,2024/10/17 14:08,2024/10/17 14:08
1492,10,吾妻郡高山村,2024/10/17 14:08,2024/10/17 14:08
1493,10,吾妻郡東吾妻町,2024/10/17 14:08,2024/10/17 14:08
1494,10,利根郡片品村,2024/10/17 14:08,2024/10/17 14:08
1495,10,利根郡川場村,2024/10/17 14:08,2024/10/17 14:08
1496,10,利根郡昭和村,2024/10/17 14:08,2024/10/17 14:08
1497,10,利根郡みなかみ町,2024/10/17 14:08,2024/10/17 14:08
1498,10,佐波郡玉村町,2024/10/17 14:08,2024/10/17 14:08
1499,10,邑楽郡板倉町,2024/10/17 14:08,2024/10/17 14:08
1500,10,邑楽郡明和町,2024/10/17 14:08,2024/10/17 14:08
1501,10,邑楽郡千代田町,2024/10/17 14:08,2024/10/17 14:08
1502,10,邑楽郡大泉町,2024/10/17 14:08,2024/10/17 14:08
1503,10,邑楽郡邑楽町,2024/10/17 14:08,2024/10/17 14:08
1504,11,さいたま市西区,2024/10/17 14:08,2024/10/17 14:08
1505,11,さいたま市北区,2024/10/17 14:08,2024/10/17 14:08
1506,11,さいたま市大宮区,2024/10/17 14:08,2024/10/17 14:08
1507,11,さいたま市見沼区,2024/10/17 14:08,2024/10/17 14:08
1508,11,さいたま市中央区,2024/10/17 14:08,2024/10/17 14:08
1509,11,さいたま市桜区,2024/10/17 14:08,2024/10/17 14:08
1510,11,さいたま市浦和区,2024/10/17 14:08,2024/10/17 14:08
1511,11,さいたま市南区,2024/10/17 14:08,2024/10/17 14:08
1512,11,さいたま市緑区,2024/10/17 14:08,2024/10/17 14:08
1513,11,さいたま市岩槻区,2024/10/17 14:08,2024/10/17 14:08
1514,11,川越市,2024/10/17 14:08,2024/10/17 14:08
1515,11,熊谷市,2024/10/17 14:08,2024/10/17 14:08
1516,11,川口市,2024/10/17 14:08,2024/10/17 14:08
1517,11,行田市,2024/10/17 14:08,2024/10/17 14:08
1518,11,秩父市,2024/10/17 14:08,2024/10/17 14:08
1519,11,所沢市,2024/10/17 14:08,2024/10/17 14:08
1520,11,飯能市,2024/10/17 14:08,2024/10/17 14:08
1521,11,加須市,2024/10/17 14:08,2024/10/17 14:08
1522,11,本庄市,2024/10/17 14:08,2024/10/17 14:08
1523,11,東松山市,2024/10/17 14:08,2024/10/17 14:08
1524,11,春日部市,2024/10/17 14:08,2024/10/17 14:08
1525,11,狭山市,2024/10/17 14:08,2024/10/17 14:08
1526,11,羽生市,2024/10/17 14:08,2024/10/17 14:08
1527,11,鴻巣市,2024/10/17 14:08,2024/10/17 14:08
1528,11,深谷市,2024/10/17 14:08,2024/10/17 14:08
1529,11,上尾市,2024/10/17 14:08,2024/10/17 14:08
1530,11,草加市,2024/10/17 14:09,2024/10/17 14:09
1531,11,越谷市,2024/10/17 14:09,2024/10/17 14:09
1532,11,蕨市,2024/10/17 14:09,2024/10/17 14:09
1533,11,戸田市,2024/10/17 14:09,2024/10/17 14:09
1534,11,入間市,2024/10/17 14:09,2024/10/17 14:09
1535,11,朝霞市,2024/10/17 14:09,2024/10/17 14:09
1536,11,志木市,2024/10/17 14:09,2024/10/17 14:09
1537,11,和光市,2024/10/17 14:09,2024/10/17 14:09
1538,11,新座市,2024/10/17 14:09,2024/10/17 14:09
1539,11,桶川市,2024/10/17 14:09,2024/10/17 14:09
1540,11,久喜市,2024/10/17 14:09,2024/10/17 14:09
1541,11,北本市,2024/10/17 14:09,2024/10/17 14:09
1542,11,八潮市,2024/10/17 14:09,2024/10/17 14:09
1543,11,富士見市,2024/10/17 14:09,2024/10/17 14:09
1544,11,三郷市,2024/10/17 14:09,2024/10/17 14:09
1545,11,蓮田市,2024/10/17 14:09,2024/10/17 14:09
1546,11,坂戸市,2024/10/17 14:09,2024/10/17 14:09
1547,11,幸手市,2024/10/17 14:09,2024/10/17 14:09
1548,11,鶴ヶ島市,2024/10/17 14:09,2024/10/17 14:09
1549,11,日高市,2024/10/17 14:09,2024/10/17 14:09
1550,11,吉川市,2024/10/17 14:09,2024/10/17 14:09
1551,11,ふじみ野市,2024/10/17 14:09,2024/10/17 14:09
1552,11,白岡市,2024/10/17 14:09,2024/10/17 14:09
1553,11,北足立郡伊奈町,2024/10/17 14:09,2024/10/17 14:09
1554,11,入間郡三芳町,2024/10/17 14:09,2024/10/17 14:09
1555,11,入間郡毛呂山町,2024/10/17 14:09,2024/10/17 14:09
1556,11,入間郡越生町,2024/10/17 14:09,2024/10/17 14:09
1557,11,比企郡滑川町,2024/10/17 14:09,2024/10/17 14:09
1558,11,比企郡嵐山町,2024/10/17 14:09,2024/10/17 14:09
1559,11,比企郡小川町,2024/10/17 14:09,2024/10/17 14:09
1560,11,比企郡川島町,2024/10/17 14:09,2024/10/17 14:09
1561,11,比企郡吉見町,2024/10/17 14:09,2024/10/17 14:09
1562,11,比企郡鳩山町,2024/10/17 14:09,2024/10/17 14:09
1563,11,比企郡ときがわ町,2024/10/17 14:09,2024/10/17 14:09
1564,11,秩父郡横瀬町,2024/10/17 14:09,2024/10/17 14:09
1565,11,秩父郡皆野町,2024/10/17 14:09,2024/10/17 14:09
1566,11,秩父郡長瀞町,2024/10/17 14:09,2024/10/17 14:09
1567,11,秩父郡小鹿野町,2024/10/17 14:09,2024/10/17 14:09
1568,11,秩父郡東秩父村,2024/10/17 14:09,2024/10/17 14:09
1569,11,児玉郡美里町,2024/10/17 14:09,2024/10/17 14:09
1570,11,児玉郡神川町,2024/10/17 14:09,2024/10/17 14:09
1571,11,児玉郡上里町,2024/10/17 14:09,2024/10/17 14:09
1572,11,大里郡寄居町,2024/10/17 14:09,2024/10/17 14:09
1573,11,南埼玉郡宮代町,2024/10/17 14:09,2024/10/17 14:09
1574,11,北葛飾郡杉戸町,2024/10/17 14:09,2024/10/17 14:09
1575,11,北葛飾郡松伏町,2024/10/17 14:09,2024/10/17 14:09
1576,12,千葉市中央区,2024/10/17 14:09,2024/10/17 14:09
1577,12,千葉市花見川区,2024/10/17 14:09,2024/10/17 14:09
1578,12,千葉市稲毛区,2024/10/17 14:09,2024/10/17 14:09
1579,12,千葉市若葉区,2024/10/17 14:09,2024/10/17 14:09
1580,12,千葉市緑区,2024/10/17 14:09,2024/10/17 14:09
1581,12,千葉市美浜区,2024/10/17 14:09,2024/10/17 14:09
1582,12,銚子市,2024/10/17 14:09,2024/10/17 14:09
1583,12,市川市,2024/10/17 14:09,2024/10/17 14:09
1584,12,船橋市,2024/10/17 14:09,2024/10/17 14:09
1585,12,館山市,2024/10/17 14:09,2024/10/17 14:09
1586,12,木更津市,2024/10/17 14:09,2024/10/17 14:09
1587,12,松戸市,2024/10/17 14:09,2024/10/17 14:09
1588,12,野田市,2024/10/17 14:09,2024/10/17 14:09
1589,12,茂原市,2024/10/17 14:09,2024/10/17 14:09
1590,12,成田市,2024/10/17 14:09,2024/10/17 14:09
1591,12,佐倉市,2024/10/17 14:09,2024/10/17 14:09
1592,12,東金市,2024/10/17 14:09,2024/10/17 14:09
1593,12,旭市,2024/10/17 14:09,2024/10/17 14:09
1594,12,習志野市,2024/10/17 14:09,2024/10/17 14:09
1595,12,柏市,2024/10/17 14:09,2024/10/17 14:09
1596,12,勝浦市,2024/10/17 14:09,2024/10/17 14:09
1597,12,市原市,2024/10/17 14:09,2024/10/17 14:09
1598,12,流山市,2024/10/17 14:09,2024/10/17 14:09
1599,12,八千代市,2024/10/17 14:09,2024/10/17 14:09
1600,12,我孫子市,2024/10/17 14:09,2024/10/17 14:09
1601,12,鴨川市,2024/10/17 14:09,2024/10/17 14:09
1602,12,鎌ケ谷市,2024/10/17 14:09,2024/10/17 14:09
1603,12,君津市,2024/10/17 14:09,2024/10/17 14:09
1604,12,富津市,2024/10/17 14:09,2024/10/17 14:09
1605,12,浦安市,2024/10/17 14:09,2024/10/17 14:09
1606,12,四街道市,2024/10/17 14:09,2024/10/17 14:09
1607,12,袖ケ浦市,2024/10/17 14:09,2024/10/17 14:09
1608,12,八街市,2024/10/17 14:09,2024/10/17 14:09
1609,12,印西市,2024/10/17 14:09,2024/10/17 14:09
1610,12,白井市,2024/10/17 14:09,2024/10/17 14:09
1611,12,富里市,2024/10/17 14:09,2024/10/17 14:09
1612,12,南房総市,2024/10/17 14:09,2024/10/17 14:09
1613,12,匝瑳市,2024/10/17 14:09,2024/10/17 14:09
1614,12,香取市,2024/10/17 14:09,2024/10/17 14:09
1615,12,山武市,2024/10/17 14:09,2024/10/17 14:09
1616,12,いすみ市,2024/10/17 14:09,2024/10/17 14:09
1617,12,大網白里市,2024/10/17 14:09,2024/10/17 14:09
1618,12,印旛郡酒々井町,2024/10/17 14:09,2024/10/17 14:09
1619,12,印旛郡栄町,2024/10/17 14:09,2024/10/17 14:09
1620,12,香取郡神崎町,2024/10/17 14:09,2024/10/17 14:09
1621,12,香取郡多古町,2024/10/17 14:09,2024/10/17 14:09
1622,12,香取郡東庄町,2024/10/17 14:09,2024/10/17 14:09
1623,12,山武郡九十九里町,2024/10/17 14:09,2024/10/17 14:09
1624,12,山武郡芝山町,2024/10/17 14:09,2024/10/17 14:09
1625,12,山武郡横芝光町,2024/10/17 14:09,2024/10/17 14:09
1626,12,長生郡一宮町,2024/10/17 14:09,2024/10/17 14:09
1627,12,長生郡睦沢町,2024/10/17 14:09,2024/10/17 14:09
1628,12,長生郡長生村,2024/10/17 14:09,2024/10/17 14:09
1629,12,長生郡白子町,2024/10/17 14:09,2024/10/17 14:09
1630,12,長生郡長柄町,2024/10/17 14:09,2024/10/17 14:09
1631,12,長生郡長南町,2024/10/17 14:09,2024/10/17 14:09
1632,12,夷隅郡大多喜町,2024/10/17 14:09,2024/10/17 14:09
1633,12,夷隅郡御宿町,2024/10/17 14:09,2024/10/17 14:09
1634,12,安房郡鋸南町,2024/10/17 14:09,2024/10/17 14:09
1635,13,千代田区,2024/10/17 14:09,2024/10/17 14:09
1636,13,中央区,2024/10/17 14:09,2024/10/17 14:09
1637,13,港区,2024/10/17 14:09,2024/10/17 14:09
1638,13,新宿区,2024/10/17 14:09,2024/10/17 14:09
1639,13,文京区,2024/10/17 14:09,2024/10/17 14:09
1640,13,台東区,2024/10/17 14:09,2024/10/17 14:09
1641,13,墨田区,2024/10/17 14:09,2024/10/17 14:09
1642,13,江東区,2024/10/17 14:09,2024/10/17 14:09
1643,13,品川区,2024/10/17 14:09,2024/10/17 14:09
1644,13,目黒区,2024/10/17 14:09,2024/10/17 14:09
1645,13,大田区,2024/10/17 14:09,2024/10/17 14:09
1646,13,世田谷区,2024/10/17 14:09,2024/10/17 14:09
1647,13,渋谷区,2024/10/17 14:09,2024/10/17 14:09
1648,13,中野区,2024/10/17 14:09,2024/10/17 14:09
1649,13,杉並区,2024/10/17 14:09,2024/10/17 14:09
1650,13,豊島区,2024/10/17 14:09,2024/10/17 14:09
1651,13,北区,2024/10/17 14:09,2024/10/17 14:09
1652,13,荒川区,2024/10/17 14:09,2024/10/17 14:09
1653,13,板橋区,2024/10/17 14:09,2024/10/17 14:09
1654,13,練馬区,2024/10/17 14:09,2024/10/17 14:09
1655,13,足立区,2024/10/17 14:09,2024/10/17 14:09
1656,13,葛飾区,2024/10/17 14:09,2024/10/17 14:09
1657,13,江戸川区,2024/10/17 14:09,2024/10/17 14:09
1658,13,八王子市,2024/10/17 14:09,2024/10/17 14:09
1659,13,立川市,2024/10/17 14:09,2024/10/17 14:09
1660,13,武蔵野市,2024/10/17 14:09,2024/10/17 14:09
1661,13,三鷹市,2024/10/17 14:09,2024/10/17 14:09
1662,13,青梅市,2024/10/17 14:09,2024/10/17 14:09
1663,13,府中市,2024/10/17 14:09,2024/10/17 14:09
1664,13,昭島市,2024/10/17 14:09,2024/10/17 14:09
1665,13,調布市,2024/10/17 14:09,2024/10/17 14:09
1666,13,町田市,2024/10/17 14:09,2024/10/17 14:09
1667,13,小金井市,2024/10/17 14:09,2024/10/17 14:09
1668,13,小平市,2024/10/17 14:09,2024/10/17 14:09
1669,13,日野市,2024/10/17 14:09,2024/10/17 14:09
1670,13,東村山市,2024/10/17 14:09,2024/10/17 14:09
1671,13,国分寺市,2024/10/17 14:09,2024/10/17 14:09
1672,13,国立市,2024/10/17 14:09,2024/10/17 14:09
1673,13,福生市,2024/10/17 14:09,2024/10/17 14:09
1674,13,狛江市,2024/10/17 14:09,2024/10/17 14:09
1675,13,東大和市,2024/10/17 14:09,2024/10/17 14:09
1676,13,清瀬市,2024/10/17 14:09,2024/10/17 14:09
1677,13,東久留米市,2024/10/17 14:09,2024/10/17 14:09
1678,13,武蔵村山市,2024/10/17 14:09,2024/10/17 14:09
1679,13,多摩市,2024/10/17 14:10,2024/10/17 14:10
1680,13,稲城市,2024/10/17 14:10,2024/10/17 14:10
1681,13,羽村市,2024/10/17 14:10,2024/10/17 14:10
1682,13,あきる野市,2024/10/17 14:10,2024/10/17 14:10
1683,13,西東京市,2024/10/17 14:10,2024/10/17 14:10
1684,13,西多摩郡瑞穂町,2024/10/17 14:10,2024/10/17 14:10
1685,13,西多摩郡日の出町,2024/10/17 14:10,2024/10/17 14:10
1686,13,西多摩郡檜原村,2024/10/17 14:10,2024/10/17 14:10
1687,13,西多摩郡奥多摩町,2024/10/17 14:10,2024/10/17 14:10
1688,13,大島町,2024/10/17 14:10,2024/10/17 14:10
1689,13,利島村,2024/10/17 14:10,2024/10/17 14:10
1690,13,新島村,2024/10/17 14:10,2024/10/17 14:10
1691,13,神津島村,2024/10/17 14:10,2024/10/17 14:10
1692,13,三宅島三宅村,2024/10/17 14:10,2024/10/17 14:10
1693,13,御蔵島村,2024/10/17 14:10,2024/10/17 14:10
1694,13,八丈島八丈町,2024/10/17 14:10,2024/10/17 14:10
1695,13,青ヶ島村,2024/10/17 14:10,2024/10/17 14:10
1696,13,小笠原村,2024/10/17 14:10,2024/10/17 14:10
1697,14,横浜市鶴見区,2024/10/17 14:10,2024/10/17 14:10
1698,14,横浜市神奈川区,2024/10/17 14:10,2024/10/17 14:10
1699,14,横浜市西区,2024/10/17 14:10,2024/10/17 14:10
1700,14,横浜市中区,2024/10/17 14:10,2024/10/17 14:10
1701,14,横浜市南区,2024/10/17 14:10,2024/10/17 14:10
1702,14,横浜市保土ケ谷区,2024/10/17 14:10,2024/10/17 14:10
1703,14,横浜市磯子区,2024/10/17 14:10,2024/10/17 14:10
1704,14,横浜市金沢区,2024/10/17 14:10,2024/10/17 14:10
1705,14,横浜市港北区,2024/10/17 14:10,2024/10/17 14:10
1706,14,横浜市戸塚区,2024/10/17 14:10,2024/10/17 14:10
1707,14,横浜市港南区,2024/10/17 14:10,2024/10/17 14:10
1708,14,横浜市旭区,2024/10/17 14:10,2024/10/17 14:10
1709,14,横浜市緑区,2024/10/17 14:10,2024/10/17 14:10
1710,14,横浜市瀬谷区,2024/10/17 14:10,2024/10/17 14:10
1711,14,横浜市栄区,2024/10/17 14:10,2024/10/17 14:10
1712,14,横浜市泉区,2024/10/17 14:10,2024/10/17 14:10
1713,14,横浜市青葉区,2024/10/17 14:10,2024/10/17 14:10
1714,14,横浜市都筑区,2024/10/17 14:10,2024/10/17 14:10
1715,14,川崎市川崎区,2024/10/17 14:10,2024/10/17 14:10
1716,14,川崎市幸区,2024/10/17 14:10,2024/10/17 14:10
1717,14,川崎市中原区,2024/10/17 14:10,2024/10/17 14:10
1718,14,川崎市高津区,2024/10/17 14:10,2024/10/17 14:10
1719,14,川崎市多摩区,2024/10/17 14:10,2024/10/17 14:10
1720,14,川崎市宮前区,2024/10/17 14:10,2024/10/17 14:10
1721,14,川崎市麻生区,2024/10/17 14:10,2024/10/17 14:10
1722,14,相模原市緑区,2024/10/17 14:10,2024/10/17 14:10
1723,14,相模原市中央区,2024/10/17 14:10,2024/10/17 14:10
1724,14,相模原市南区,2024/10/17 14:10,2024/10/17 14:10
1725,14,横須賀市,2024/10/17 14:10,2024/10/17 14:10
1726,14,平塚市,2024/10/17 14:10,2024/10/17 14:10
1727,14,鎌倉市,2024/10/17 14:10,2024/10/17 14:10
1728,14,藤沢市,2024/10/17 14:10,2024/10/17 14:10
1729,14,小田原市,2024/10/17 14:10,2024/10/17 14:10
1730,14,茅ヶ崎市,2024/10/17 14:10,2024/10/17 14:10
1731,14,逗子市,2024/10/17 14:10,2024/10/17 14:10
1732,14,三浦市,2024/10/17 14:10,2024/10/17 14:10
1733,14,秦野市,2024/10/17 14:10,2024/10/17 14:10
1734,14,厚木市,2024/10/17 14:10,2024/10/17 14:10
1735,14,大和市,2024/10/17 14:10,2024/10/17 14:10
1736,14,伊勢原市,2024/10/17 14:10,2024/10/17 14:10
1737,14,海老名市,2024/10/17 14:10,2024/10/17 14:10
1738,14,座間市,2024/10/17 14:10,2024/10/17 14:10
1739,14,南足柄市,2024/10/17 14:10,2024/10/17 14:10
1740,14,綾瀬市,2024/10/17 14:10,2024/10/17 14:10
1741,14,三浦郡葉山町,2024/10/17 14:10,2024/10/17 14:10
1742,14,高座郡寒川町,2024/10/17 14:10,2024/10/17 14:10
1743,14,中郡大磯町,2024/10/17 14:10,2024/10/17 14:10
1744,14,中郡二宮町,2024/10/17 14:10,2024/10/17 14:10
1745,14,足柄上郡中井町,2024/10/17 14:10,2024/10/17 14:10
1746,14,足柄上郡大井町,2024/10/17 14:10,2024/10/17 14:10
1747,14,足柄上郡松田町,2024/10/17 14:10,2024/10/17 14:10
1748,14,足柄上郡山北町,2024/10/17 14:10,2024/10/17 14:10
1749,14,足柄上郡開成町,2024/10/17 14:10,2024/10/17 14:10
1750,14,足柄下郡箱根町,2024/10/17 14:10,2024/10/17 14:10
1751,14,足柄下郡真鶴町,2024/10/17 14:10,2024/10/17 14:10
1752,14,足柄下郡湯河原町,2024/10/17 14:10,2024/10/17 14:10
1753,14,愛甲郡愛川町,2024/10/17 14:10,2024/10/17 14:10
1754,14,愛甲郡清川村,2024/10/17 14:10,2024/10/17 14:10
1755,15,新潟市北区,2024/10/17 14:10,2024/10/17 14:10
1756,15,新潟市東区,2024/10/17 14:10,2024/10/17 14:10
1757,15,新潟市中央区,2024/10/17 14:10,2024/10/17 14:10
1758,15,新潟市江南区,2024/10/17 14:10,2024/10/17 14:10
1759,15,新潟市秋葉区,2024/10/17 14:10,2024/10/17 14:10
1760,15,新潟市南区,2024/10/17 14:10,2024/10/17 14:10
1761,15,新潟市西区,2024/10/17 14:10,2024/10/17 14:10
1762,15,新潟市西蒲区,2024/10/17 14:10,2024/10/17 14:10
1763,15,長岡市,2024/10/17 14:10,2024/10/17 14:10
1764,15,三条市,2024/10/17 14:10,2024/10/17 14:10
1765,15,柏崎市,2024/10/17 14:10,2024/10/17 14:10
1766,15,新発田市,2024/10/17 14:10,2024/10/17 14:10
1767,15,小千谷市,2024/10/17 14:10,2024/10/17 14:10
1768,15,加茂市,2024/10/17 14:10,2024/10/17 14:10
1769,15,十日町市,2024/10/17 14:10,2024/10/17 14:10
1770,15,見附市,2024/10/17 14:10,2024/10/17 14:10
1771,15,村上市,2024/10/17 14:10,2024/10/17 14:10
1772,15,燕市,2024/10/17 14:10,2024/10/17 14:10
1773,15,糸魚川市,2024/10/17 14:10,2024/10/17 14:10
1774,15,妙高市,2024/10/17 14:10,2024/10/17 14:10
1775,15,五泉市,2024/10/17 14:10,2024/10/17 14:10
1776,15,上越市,2024/10/17 14:10,2024/10/17 14:10
1777,15,阿賀野市,2024/10/17 14:10,2024/10/17 14:10
1778,15,佐渡市,2024/10/17 14:10,2024/10/17 14:10
1779,15,魚沼市,2024/10/17 14:10,2024/10/17 14:10
1780,15,南魚沼市,2024/10/17 14:10,2024/10/17 14:10
1781,15,胎内市,2024/10/17 14:10,2024/10/17 14:10
1782,15,北蒲原郡聖籠町,2024/10/17 14:10,2024/10/17 14:10
1783,15,西蒲原郡弥彦村,2024/10/17 14:10,2024/10/17 14:10
1784,15,南蒲原郡田上町,2024/10/17 14:10,2024/10/17 14:10
1785,15,東蒲原郡阿賀町,2024/10/17 14:10,2024/10/17 14:10
1786,15,三島郡出雲崎町,2024/10/17 14:10,2024/10/17 14:10
1787,15,南魚沼郡湯沢町,2024/10/17 14:10,2024/10/17 14:10
1788,15,中魚沼郡津南町,2024/10/17 14:10,2024/10/17 14:10
1789,15,刈羽郡刈羽村,2024/10/17 14:10,2024/10/17 14:10
1790,15,岩船郡関川村,2024/10/17 14:10,2024/10/17 14:10
1791,15,岩船郡粟島浦村,2024/10/17 14:10,2024/10/17 14:10
1792,16,富山市,2024/10/17 14:10,2024/10/17 14:10
1793,16,高岡市,2024/10/17 14:10,2024/10/17 14:10
1794,16,魚津市,2024/10/17 14:10,2024/10/17 14:10
1795,16,氷見市,2024/10/17 14:10,2024/10/17 14:10
1796,16,滑川市,2024/10/17 14:10,2024/10/17 14:10
1797,16,黒部市,2024/10/17 14:10,2024/10/17 14:10
1798,16,砺波市,2024/10/17 14:10,2024/10/17 14:10
1799,16,小矢部市,2024/10/17 14:10,2024/10/17 14:10
1800,16,南砺市,2024/10/17 14:10,2024/10/17 14:10
1801,16,射水市,2024/10/17 14:10,2024/10/17 14:10
1802,16,中新川郡舟橋村,2024/10/17 14:10,2024/10/17 14:10
1803,16,中新川郡上市町,2024/10/17 14:10,2024/10/17 14:10
1804,16,中新川郡立山町,2024/10/17 14:10,2024/10/17 14:10
1805,16,下新川郡入善町,2024/10/17 14:10,2024/10/17 14:10
1806,16,下新川郡朝日町,2024/10/17 14:10,2024/10/17 14:10
1807,17,金沢市,2024/10/17 14:10,2024/10/17 14:10
1808,17,七尾市,2024/10/17 14:10,2024/10/17 14:10
1809,17,小松市,2024/10/17 14:10,2024/10/17 14:10
1810,17,輪島市,2024/10/17 14:10,2024/10/17 14:10
1811,17,珠洲市,2024/10/17 14:10,2024/10/17 14:10
1812,17,加賀市,2024/10/17 14:10,2024/10/17 14:10
1813,17,羽咋市,2024/10/17 14:10,2024/10/17 14:10
1814,17,かほく市,2024/10/17 14:10,2024/10/17 14:10
1815,17,白山市,2024/10/17 14:10,2024/10/17 14:10
1816,17,能美市,2024/10/17 14:10,2024/10/17 14:10
1817,17,野々市市,2024/10/17 14:10,2024/10/17 14:10
1818,17,能美郡川北町,2024/10/17 14:10,2024/10/17 14:10
1819,17,河北郡津幡町,2024/10/17 14:10,2024/10/17 14:10
1820,17,河北郡内灘町,2024/10/17 14:10,2024/10/17 14:10
1821,17,羽咋郡志賀町,2024/10/17 14:10,2024/10/17 14:10
1822,17,羽咋郡宝達志水町,2024/10/17 14:10,2024/10/17 14:10
1823,17,鹿島郡中能登町,2024/10/17 14:10,2024/10/17 14:10
1824,17,鳳珠郡穴水町,2024/10/17 14:10,2024/10/17 14:10
1825,17,鳳珠郡能登町,2024/10/17 14:10,2024/10/17 14:10
1826,18,福井市,2024/10/17 14:10,2024/10/17 14:10
1827,18,敦賀市,2024/10/17 14:11,2024/10/17 14:11
1828,18,小浜市,2024/10/17 14:11,2024/10/17 14:11
1829,18,大野市,2024/10/17 14:11,2024/10/17 14:11
1830,18,勝山市,2024/10/17 14:11,2024/10/17 14:11
1831,18,鯖江市,2024/10/17 14:11,2024/10/17 14:11
1832,18,あわら市,2024/10/17 14:11,2024/10/17 14:11
1833,18,越前市,2024/10/17 14:11,2024/10/17 14:11
1834,18,坂井市,2024/10/17 14:11,2024/10/17 14:11
1835,18,吉田郡永平寺町,2024/10/17 14:11,2024/10/17 14:11
1836,18,今立郡池田町,2024/10/17 14:11,2024/10/17 14:11
1837,18,南条郡南越前町,2024/10/17 14:11,2024/10/17 14:11
1838,18,丹生郡越前町,2024/10/17 14:11,2024/10/17 14:11
1839,18,三方郡美浜町,2024/10/17 14:11,2024/10/17 14:11
1840,18,大飯郡高浜町,2024/10/17 14:11,2024/10/17 14:11
1841,18,大飯郡おおい町,2024/10/17 14:11,2024/10/17 14:11
1842,18,三方上中郡若狭町,2024/10/17 14:11,2024/10/17 14:11
1843,19,甲府市,2024/10/17 14:11,2024/10/17 14:11
1844,19,富士吉田市,2024/10/17 14:11,2024/10/17 14:11
1845,19,都留市,2024/10/17 14:11,2024/10/17 14:11
1846,19,山梨市,2024/10/17 14:11,2024/10/17 14:11
1847,19,大月市,2024/10/17 14:11,2024/10/17 14:11
1848,19,韮崎市,2024/10/17 14:11,2024/10/17 14:11
1849,19,南アルプス市,2024/10/17 14:11,2024/10/17 14:11
1850,19,北杜市,2024/10/17 14:11,2024/10/17 14:11
1851,19,甲斐市,2024/10/17 14:11,2024/10/17 14:11
1852,19,笛吹市,2024/10/17 14:11,2024/10/17 14:11
1853,19,上野原市,2024/10/17 14:11,2024/10/17 14:11
1854,19,甲州市,2024/10/17 14:11,2024/10/17 14:11
1855,19,中央市,2024/10/17 14:11,2024/10/17 14:11
1856,19,西八代郡市川三郷町,2024/10/17 14:11,2024/10/17 14:11
1857,19,南巨摩郡早川町,2024/10/17 14:11,2024/10/17 14:11
1858,19,南巨摩郡身延町,2024/10/17 14:11,2024/10/17 14:11
1859,19,南巨摩郡南部町,2024/10/17 14:11,2024/10/17 14:11
1860,19,南巨摩郡富士川町,2024/10/17 14:11,2024/10/17 14:11
1861,19,中巨摩郡昭和町,2024/10/17 14:11,2024/10/17 14:11
1862,19,南都留郡道志村,2024/10/17 14:11,2024/10/17 14:11
1863,19,南都留郡西桂町,2024/10/17 14:11,2024/10/17 14:11
1864,19,南都留郡忍野村,2024/10/17 14:11,2024/10/17 14:11
1865,19,南都留郡山中湖村,2024/10/17 14:11,2024/10/17 14:11
1866,19,南都留郡鳴沢村,2024/10/17 14:11,2024/10/17 14:11
1867,19,南都留郡富士河口湖町,2024/10/17 14:11,2024/10/17 14:11
1868,19,北都留郡小菅村,2024/10/17 14:11,2024/10/17 14:11
1869,19,北都留郡丹波山村,2024/10/17 14:11,2024/10/17 14:11
1870,20,長野市,2024/10/17 14:11,2024/10/17 14:11
1871,20,松本市,2024/10/17 14:11,2024/10/17 14:11
1872,20,上田市,2024/10/17 14:11,2024/10/17 14:11
1873,20,岡谷市,2024/10/17 14:11,2024/10/17 14:11
1874,20,飯田市,2024/10/17 14:11,2024/10/17 14:11
1875,20,諏訪市,2024/10/17 14:11,2024/10/17 14:11
1876,20,須坂市,2024/10/17 14:11,2024/10/17 14:11
1877,20,小諸市,2024/10/17 14:11,2024/10/17 14:11
1878,20,伊那市,2024/10/17 14:11,2024/10/17 14:11
1879,20,駒ヶ根市,2024/10/17 14:11,2024/10/17 14:11
1880,20,中野市,2024/10/17 14:11,2024/10/17 14:11
1881,20,大町市,2024/10/17 14:11,2024/10/17 14:11
1882,20,飯山市,2024/10/17 14:11,2024/10/17 14:11
1883,20,茅野市,2024/10/17 14:11,2024/10/17 14:11
1884,20,塩尻市,2024/10/17 14:11,2024/10/17 14:11
1885,20,佐久市,2024/10/17 14:11,2024/10/17 14:11
1886,20,千曲市,2024/10/17 14:11,2024/10/17 14:11
1887,20,東御市,2024/10/17 14:11,2024/10/17 14:11
1888,20,安曇野市,2024/10/17 14:11,2024/10/17 14:11
1889,20,南佐久郡小海町,2024/10/17 14:11,2024/10/17 14:11
1890,20,南佐久郡川上村,2024/10/17 14:11,2024/10/17 14:11
1891,20,南佐久郡南牧村,2024/10/17 14:11,2024/10/17 14:11
1892,20,南佐久郡南相木村,2024/10/17 14:11,2024/10/17 14:11
1893,20,南佐久郡北相木村,2024/10/17 14:11,2024/10/17 14:11
1894,20,南佐久郡佐久穂町,2024/10/17 14:11,2024/10/17 14:11
1895,20,北佐久郡軽井沢町,2024/10/17 14:11,2024/10/17 14:11
1896,20,北佐久郡御代田町,2024/10/17 14:11,2024/10/17 14:11
1897,20,北佐久郡立科町,2024/10/17 14:11,2024/10/17 14:11
1898,20,小県郡青木村,2024/10/17 14:11,2024/10/17 14:11
1899,20,小県郡長和町,2024/10/17 14:11,2024/10/17 14:11
1900,20,諏訪郡下諏訪町,2024/10/17 14:11,2024/10/17 14:11
1901,20,諏訪郡富士見町,2024/10/17 14:11,2024/10/17 14:11
1902,20,諏訪郡原村,2024/10/17 14:11,2024/10/17 14:11
1903,20,上伊那郡辰野町,2024/10/17 14:11,2024/10/17 14:11
1904,20,上伊那郡箕輪町,2024/10/17 14:11,2024/10/17 14:11
1905,20,上伊那郡飯島町,2024/10/17 14:11,2024/10/17 14:11
1906,20,上伊那郡南箕輪村,2024/10/17 14:11,2024/10/17 14:11
1907,20,上伊那郡中川村,2024/10/17 14:11,2024/10/17 14:11
1908,20,上伊那郡宮田村,2024/10/17 14:11,2024/10/17 14:11
1909,20,下伊那郡松川町,2024/10/17 14:11,2024/10/17 14:11
1910,20,下伊那郡高森町,2024/10/17 14:11,2024/10/17 14:11
1911,20,下伊那郡阿南町,2024/10/17 14:11,2024/10/17 14:11
1912,20,下伊那郡阿智村,2024/10/17 14:11,2024/10/17 14:11
1913,20,下伊那郡平谷村,2024/10/17 14:11,2024/10/17 14:11
1914,20,下伊那郡根羽村,2024/10/17 14:11,2024/10/17 14:11
1915,20,下伊那郡下條村,2024/10/17 14:11,2024/10/17 14:11
1916,20,下伊那郡売木村,2024/10/17 14:11,2024/10/17 14:11
1917,20,下伊那郡天龍村,2024/10/17 14:11,2024/10/17 14:11
1918,20,下伊那郡泰阜村,2024/10/17 14:11,2024/10/17 14:11
1919,20,下伊那郡喬木村,2024/10/17 14:11,2024/10/17 14:11
1920,20,下伊那郡豊丘村,2024/10/17 14:11,2024/10/17 14:11
1921,20,下伊那郡大鹿村,2024/10/17 14:11,2024/10/17 14:11
1922,20,木曽郡上松町,2024/10/17 14:11,2024/10/17 14:11
1923,20,木曽郡南木曽町,2024/10/17 14:11,2024/10/17 14:11
1924,20,木曽郡木祖村,2024/10/17 14:11,2024/10/17 14:11
1925,20,木曽郡王滝村,2024/10/17 14:11,2024/10/17 14:11
1926,20,木曽郡大桑村,2024/10/17 14:11,2024/10/17 14:11
1927,20,木曽郡木曽町,2024/10/17 14:11,2024/10/17 14:11
1928,20,東筑摩郡麻績村,2024/10/17 14:11,2024/10/17 14:11
1929,20,東筑摩郡生坂村,2024/10/17 14:11,2024/10/17 14:11
1930,20,東筑摩郡山形村,2024/10/17 14:11,2024/10/17 14:11
1931,20,東筑摩郡朝日村,2024/10/17 14:11,2024/10/17 14:11
1932,20,東筑摩郡筑北村,2024/10/17 14:11,2024/10/17 14:11
1933,20,北安曇郡池田町,2024/10/17 14:11,2024/10/17 14:11
1934,20,北安曇郡松川村,2024/10/17 14:11,2024/10/17 14:11
1935,20,北安曇郡白馬村,2024/10/17 14:11,2024/10/17 14:11
1936,20,北安曇郡小谷村,2024/10/17 14:11,2024/10/17 14:11
1937,20,埴科郡坂城町,2024/10/17 14:11,2024/10/17 14:11
1938,20,上高井郡小布施町,2024/10/17 14:11,2024/10/17 14:11
1939,20,上高井郡高山村,2024/10/17 14:11,2024/10/17 14:11
1940,20,下高井郡山ノ内町,2024/10/17 14:11,2024/10/17 14:11
1941,20,下高井郡木島平村,2024/10/17 14:11,2024/10/17 14:11
1942,20,下高井郡野沢温泉村,2024/10/17 14:11,2024/10/17 14:11
1943,20,上水内郡信濃町,2024/10/17 14:11,2024/10/17 14:11
1944,20,上水内郡小川村,2024/10/17 14:11,2024/10/17 14:11
1945,20,上水内郡飯綱町,2024/10/17 14:11,2024/10/17 14:11
1946,20,下水内郡栄村,2024/10/17 14:11,2024/10/17 14:11
1947,21,岐阜市,2024/10/17 14:11,2024/10/17 14:11
1948,21,大垣市,2024/10/17 14:11,2024/10/17 14:11
1949,21,高山市,2024/10/17 14:11,2024/10/17 14:11
1950,21,多治見市,2024/10/17 14:11,2024/10/17 14:11
1951,21,関市,2024/10/17 14:11,2024/10/17 14:11
1952,21,中津川市,2024/10/17 14:11,2024/10/17 14:11
1953,21,美濃市,2024/10/17 14:11,2024/10/17 14:11
1954,21,瑞浪市,2024/10/17 14:11,2024/10/17 14:11
1955,21,羽島市,2024/10/17 14:11,2024/10/17 14:11
1956,21,恵那市,2024/10/17 14:11,2024/10/17 14:11
1957,21,美濃加茂市,2024/10/17 14:11,2024/10/17 14:11
1958,21,土岐市,2024/10/17 14:11,2024/10/17 14:11
1959,21,各務原市,2024/10/17 14:11,2024/10/17 14:11
1960,21,可児市,2024/10/17 14:11,2024/10/17 14:11
1961,21,山県市,2024/10/17 14:11,2024/10/17 14:11
1962,21,瑞穂市,2024/10/17 14:11,2024/10/17 14:11
1963,21,飛騨市,2024/10/17 14:11,2024/10/17 14:11
1964,21,本巣市,2024/10/17 14:11,2024/10/17 14:11
1965,21,郡上市,2024/10/17 14:11,2024/10/17 14:11
1966,21,下呂市,2024/10/17 14:11,2024/10/17 14:11
1967,21,海津市,2024/10/17 14:11,2024/10/17 14:11
1968,21,羽島郡岐南町,2024/10/17 14:11,2024/10/17 14:11
1969,21,羽島郡笠松町,2024/10/17 14:11,2024/10/17 14:11
1970,21,養老郡養老町,2024/10/17 14:11,2024/10/17 14:11
1971,21,不破郡垂井町,2024/10/17 14:11,2024/10/17 14:11
1972,21,不破郡関ケ原町,2024/10/17 14:11,2024/10/17 14:11
1973,21,安八郡神戸町,2024/10/17 14:11,2024/10/17 14:11
1974,21,安八郡輪之内町,2024/10/17 14:12,2024/10/17 14:12
1975,21,安八郡安八町,2024/10/17 14:12,2024/10/17 14:12
1976,21,揖斐郡揖斐川町,2024/10/17 14:12,2024/10/17 14:12
1977,21,揖斐郡大野町,2024/10/17 14:12,2024/10/17 14:12
1978,21,揖斐郡池田町,2024/10/17 14:12,2024/10/17 14:12
1979,21,本巣郡北方町,2024/10/17 14:12,2024/10/17 14:12
1980,21,加茂郡坂祝町,2024/10/17 14:12,2024/10/17 14:12
1981,21,加茂郡富加町,2024/10/17 14:12,2024/10/17 14:12
1982,21,加茂郡川辺町,2024/10/17 14:12,2024/10/17 14:12
1983,21,加茂郡七宗町,2024/10/17 14:12,2024/10/17 14:12
1984,21,加茂郡八百津町,2024/10/17 14:12,2024/10/17 14:12
1985,21,加茂郡白川町,2024/10/17 14:12,2024/10/17 14:12
1986,21,加茂郡東白川村,2024/10/17 14:12,2024/10/17 14:12
1987,21,可児郡御嵩町,2024/10/17 14:12,2024/10/17 14:12
1988,21,大野郡白川村,2024/10/17 14:12,2024/10/17 14:12
1989,22,静岡市葵区,2024/10/17 14:12,2024/10/17 14:12
1990,22,静岡市駿河区,2024/10/17 14:12,2024/10/17 14:12
1991,22,静岡市清水区,2024/10/17 14:12,2024/10/17 14:12
1992,22,浜松市中央区,2024/10/17 14:12,2024/10/17 14:12
1993,22,浜松市浜名区,2024/10/17 14:12,2024/10/17 14:12
1994,22,浜松市天竜区,2024/10/17 14:12,2024/10/17 14:12
1995,22,沼津市,2024/10/17 14:12,2024/10/17 14:12
1996,22,熱海市,2024/10/17 14:12,2024/10/17 14:12
1997,22,三島市,2024/10/17 14:12,2024/10/17 14:12
1998,22,富士宮市,2024/10/17 14:12,2024/10/17 14:12
1999,22,伊東市,2024/10/17 14:12,2024/10/17 14:12
2000,22,島田市,2024/10/17 14:12,2024/10/17 14:12
2001,22,富士市,2024/10/17 14:12,2024/10/17 14:12
2002,22,磐田市,2024/10/17 14:12,2024/10/17 14:12
2003,22,焼津市,2024/10/17 14:12,2024/10/17 14:12
2004,22,掛川市,2024/10/17 14:12,2024/10/17 14:12
2005,22,藤枝市,2024/10/17 14:12,2024/10/17 14:12
2006,22,御殿場市,2024/10/17 14:12,2024/10/17 14:12
2007,22,袋井市,2024/10/17 14:12,2024/10/17 14:12
2008,22,下田市,2024/10/17 14:12,2024/10/17 14:12
2009,22,裾野市,2024/10/17 14:12,2024/10/17 14:12
2010,22,湖西市,2024/10/17 14:12,2024/10/17 14:12
2011,22,伊豆市,2024/10/17 14:12,2024/10/17 14:12
2012,22,御前崎市,2024/10/17 14:12,2024/10/17 14:12
2013,22,菊川市,2024/10/17 14:12,2024/10/17 14:12
2014,22,伊豆の国市,2024/10/17 14:12,2024/10/17 14:12
2015,22,牧之原市,2024/10/17 14:12,2024/10/17 14:12
2016,22,賀茂郡東伊豆町,2024/10/17 14:12,2024/10/17 14:12
2017,22,賀茂郡河津町,2024/10/17 14:12,2024/10/17 14:12
2018,22,賀茂郡南伊豆町,2024/10/17 14:12,2024/10/17 14:12
2019,22,賀茂郡松崎町,2024/10/17 14:12,2024/10/17 14:12
2020,22,賀茂郡西伊豆町,2024/10/17 14:12,2024/10/17 14:12
2021,22,田方郡函南町,2024/10/17 14:12,2024/10/17 14:12
2022,22,駿東郡清水町,2024/10/17 14:12,2024/10/17 14:12
2023,22,駿東郡長泉町,2024/10/17 14:12,2024/10/17 14:12
2024,22,駿東郡小山町,2024/10/17 14:12,2024/10/17 14:12
2025,22,榛原郡吉田町,2024/10/17 14:12,2024/10/17 14:12
2026,22,榛原郡川根本町,2024/10/17 14:12,2024/10/17 14:12
2027,22,周智郡森町,2024/10/17 14:12,2024/10/17 14:12
2028,23,名古屋市千種区,2024/10/17 14:12,2024/10/17 14:12
2029,23,名古屋市東区,2024/10/17 14:12,2024/10/17 14:12
2030,23,名古屋市北区,2024/10/17 14:12,2024/10/17 14:12
2031,23,名古屋市西区,2024/10/17 14:12,2024/10/17 14:12
2032,23,名古屋市中村区,2024/10/17 14:12,2024/10/17 14:12
2033,23,名古屋市中区,2024/10/17 14:12,2024/10/17 14:12
2034,23,名古屋市昭和区,2024/10/17 14:12,2024/10/17 14:12
2035,23,名古屋市瑞穂区,2024/10/17 14:12,2024/10/17 14:12
2036,23,名古屋市熱田区,2024/10/17 14:12,2024/10/17 14:12
2037,23,名古屋市中川区,2024/10/17 14:12,2024/10/17 14:12
2038,23,名古屋市港区,2024/10/17 14:12,2024/10/17 14:12
2039,23,名古屋市南区,2024/10/17 14:12,2024/10/17 14:12
2040,23,名古屋市守山区,2024/10/17 14:12,2024/10/17 14:12
2041,23,名古屋市緑区,2024/10/17 14:12,2024/10/17 14:12
2042,23,名古屋市名東区,2024/10/17 14:12,2024/10/17 14:12
2043,23,名古屋市天白区,2024/10/17 14:12,2024/10/17 14:12
2044,23,豊橋市,2024/10/17 14:12,2024/10/17 14:12
2045,23,岡崎市,2024/10/17 14:12,2024/10/17 14:12
2046,23,一宮市,2024/10/17 14:12,2024/10/17 14:12
2047,23,瀬戸市,2024/10/17 14:12,2024/10/17 14:12
2048,23,半田市,2024/10/17 14:12,2024/10/17 14:12
2049,23,春日井市,2024/10/17 14:12,2024/10/17 14:12
2050,23,豊川市,2024/10/17 14:12,2024/10/17 14:12
2051,23,津島市,2024/10/17 14:12,2024/10/17 14:12
2052,23,碧南市,2024/10/17 14:12,2024/10/17 14:12
2053,23,刈谷市,2024/10/17 14:12,2024/10/17 14:12
2054,23,豊田市,2024/10/17 14:12,2024/10/17 14:12
2055,23,安城市,2024/10/17 14:12,2024/10/17 14:12
2056,23,西尾市,2024/10/17 14:12,2024/10/17 14:12
2057,23,蒲郡市,2024/10/17 14:12,2024/10/17 14:12
2058,23,犬山市,2024/10/17 14:12,2024/10/17 14:12
2059,23,常滑市,2024/10/17 14:12,2024/10/17 14:12
2060,23,江南市,2024/10/17 14:12,2024/10/17 14:12
2061,23,小牧市,2024/10/17 14:12,2024/10/17 14:12
2062,23,稲沢市,2024/10/17 14:12,2024/10/17 14:12
2063,23,新城市,2024/10/17 14:12,2024/10/17 14:12
2064,23,東海市,2024/10/17 14:12,2024/10/17 14:12
2065,23,大府市,2024/10/17 14:12,2024/10/17 14:12
2066,23,知多市,2024/10/17 14:12,2024/10/17 14:12
2067,23,知立市,2024/10/17 14:12,2024/10/17 14:12
2068,23,尾張旭市,2024/10/17 14:12,2024/10/17 14:12
2069,23,高浜市,2024/10/17 14:12,2024/10/17 14:12
2070,23,岩倉市,2024/10/17 14:12,2024/10/17 14:12
2071,23,豊明市,2024/10/17 14:12,2024/10/17 14:12
2072,23,日進市,2024/10/17 14:12,2024/10/17 14:12
2073,23,田原市,2024/10/17 14:12,2024/10/17 14:12
2074,23,愛西市,2024/10/17 14:12,2024/10/17 14:12
2075,23,清須市,2024/10/17 14:12,2024/10/17 14:12
2076,23,北名古屋市,2024/10/17 14:12,2024/10/17 14:12
2077,23,弥富市,2024/10/17 14:12,2024/10/17 14:12
2078,23,みよし市,2024/10/17 14:12,2024/10/17 14:12
2079,23,あま市,2024/10/17 14:12,2024/10/17 14:12
2080,23,長久手市,2024/10/17 14:12,2024/10/17 14:12
2081,23,愛知郡東郷町,2024/10/17 14:12,2024/10/17 14:12
2082,23,西春日井郡豊山町,2024/10/17 14:12,2024/10/17 14:12
2083,23,丹羽郡大口町,2024/10/17 14:12,2024/10/17 14:12
2084,23,丹羽郡扶桑町,2024/10/17 14:12,2024/10/17 14:12
2085,23,海部郡大治町,2024/10/17 14:12,2024/10/17 14:12
2086,23,海部郡蟹江町,2024/10/17 14:12,2024/10/17 14:12
2087,23,海部郡飛島村,2024/10/17 14:12,2024/10/17 14:12
2088,23,知多郡阿久比町,2024/10/17 14:12,2024/10/17 14:12
2089,23,知多郡東浦町,2024/10/17 14:12,2024/10/17 14:12
2090,23,知多郡南知多町,2024/10/17 14:12,2024/10/17 14:12
2091,23,知多郡美浜町,2024/10/17 14:12,2024/10/17 14:12
2092,23,知多郡武豊町,2024/10/17 14:12,2024/10/17 14:12
2093,23,額田郡幸田町,2024/10/17 14:12,2024/10/17 14:12
2094,23,北設楽郡設楽町,2024/10/17 14:12,2024/10/17 14:12
2095,23,北設楽郡東栄町,2024/10/17 14:12,2024/10/17 14:12
2096,23,北設楽郡豊根村,2024/10/17 14:12,2024/10/17 14:12
2097,24,津市,2024/10/17 14:12,2024/10/17 14:12
2098,24,四日市市,2024/10/17 14:12,2024/10/17 14:12
2099,24,伊勢市,2024/10/17 14:12,2024/10/17 14:12
2100,24,松阪市,2024/10/17 14:12,2024/10/17 14:12
2101,24,桑名市,2024/10/17 14:12,2024/10/17 14:12
2102,24,鈴鹿市,2024/10/17 14:12,2024/10/17 14:12
2103,24,名張市,2024/10/17 14:12,2024/10/17 14:12
2104,24,尾鷲市,2024/10/17 14:12,2024/10/17 14:12
2105,24,亀山市,2024/10/17 14:12,2024/10/17 14:12
2106,24,鳥羽市,2024/10/17 14:12,2024/10/17 14:12
2107,24,熊野市,2024/10/17 14:12,2024/10/17 14:12
2108,24,いなべ市,2024/10/17 14:12,2024/10/17 14:12
2109,24,志摩市,2024/10/17 14:12,2024/10/17 14:12
2110,24,伊賀市,2024/10/17 14:12,2024/10/17 14:12
2111,24,桑名郡木曽岬町,2024/10/17 14:12,2024/10/17 14:12
2112,24,員弁郡東員町,2024/10/17 14:12,2024/10/17 14:12
2113,24,三重郡菰野町,2024/10/17 14:12,2024/10/17 14:12
2114,24,三重郡朝日町,2024/10/17 14:12,2024/10/17 14:12
2115,24,三重郡川越町,2024/10/17 14:12,2024/10/17 14:12
2116,24,多気郡多気町,2024/10/17 14:12,2024/10/17 14:12
2117,24,多気郡明和町,2024/10/17 14:12,2024/10/17 14:12
2118,24,多気郡大台町,2024/10/17 14:12,2024/10/17 14:12
2119,24,度会郡玉城町,2024/10/17 14:12,2024/10/17 14:12
2120,24,度会郡度会町,2024/10/17 14:13,2024/10/17 14:13
2121,24,度会郡大紀町,2024/10/17 14:13,2024/10/17 14:13
2122,24,度会郡南伊勢町,2024/10/17 14:13,2024/10/17 14:13
2123,24,北牟婁郡紀北町,2024/10/17 14:13,2024/10/17 14:13
2124,24,南牟婁郡御浜町,2024/10/17 14:13,2024/10/17 14:13
2125,24,南牟婁郡紀宝町,2024/10/17 14:13,2024/10/17 14:13
2126,25,大津市,2024/10/17 14:13,2024/10/17 14:13
2127,25,彦根市,2024/10/17 14:13,2024/10/17 14:13
2128,25,長浜市,2024/10/17 14:13,2024/10/17 14:13
2129,25,近江八幡市,2024/10/17 14:13,2024/10/17 14:13
2130,25,草津市,2024/10/17 14:13,2024/10/17 14:13
2131,25,守山市,2024/10/17 14:13,2024/10/17 14:13
2132,25,栗東市,2024/10/17 14:13,2024/10/17 14:13
2133,25,甲賀市,2024/10/17 14:13,2024/10/17 14:13
2134,25,野洲市,2024/10/17 14:13,2024/10/17 14:13
2135,25,湖南市,2024/10/17 14:13,2024/10/17 14:13
2136,25,高島市,2024/10/17 14:13,2024/10/17 14:13
2137,25,東近江市,2024/10/17 14:13,2024/10/17 14:13
2138,25,米原市,2024/10/17 14:13,2024/10/17 14:13
2139,25,蒲生郡日野町,2024/10/17 14:13,2024/10/17 14:13
2140,25,蒲生郡竜王町,2024/10/17 14:13,2024/10/17 14:13
2141,25,愛知郡愛荘町,2024/10/17 14:13,2024/10/17 14:13
2142,25,犬上郡豊郷町,2024/10/17 14:13,2024/10/17 14:13
2143,25,犬上郡甲良町,2024/10/17 14:13,2024/10/17 14:13
2144,25,犬上郡多賀町,2024/10/17 14:13,2024/10/17 14:13
2145,26,京都市北区,2024/10/17 14:13,2024/10/17 14:13
2146,26,京都市上京区,2024/10/17 14:13,2024/10/17 14:13
2147,26,京都市左京区,2024/10/17 14:13,2024/10/17 14:13
2148,26,京都市中京区,2024/10/17 14:13,2024/10/17 14:13
2149,26,京都市東山区,2024/10/17 14:13,2024/10/17 14:13
2150,26,京都市下京区,2024/10/17 14:13,2024/10/17 14:13
2151,26,京都市南区,2024/10/17 14:13,2024/10/17 14:13
2152,26,京都市右京区,2024/10/17 14:13,2024/10/17 14:13
2153,26,京都市伏見区,2024/10/17 14:13,2024/10/17 14:13
2154,26,京都市山科区,2024/10/17 14:13,2024/10/17 14:13
2155,26,京都市西京区,2024/10/17 14:13,2024/10/17 14:13
2156,26,福知山市,2024/10/17 14:13,2024/10/17 14:13
2157,26,舞鶴市,2024/10/17 14:13,2024/10/17 14:13
2158,26,綾部市,2024/10/17 14:13,2024/10/17 14:13
2159,26,宇治市,2024/10/17 14:13,2024/10/17 14:13
2160,26,宮津市,2024/10/17 14:13,2024/10/17 14:13
2161,26,亀岡市,2024/10/17 14:13,2024/10/17 14:13
2162,26,城陽市,2024/10/17 14:13,2024/10/17 14:13
2163,26,向日市,2024/10/17 14:13,2024/10/17 14:13
2164,26,長岡京市,2024/10/17 14:13,2024/10/17 14:13
2165,26,八幡市,2024/10/17 14:13,2024/10/17 14:13
2166,26,京田辺市,2024/10/17 14:13,2024/10/17 14:13
2167,26,京丹後市,2024/10/17 14:13,2024/10/17 14:13
2168,26,南丹市,2024/10/17 14:13,2024/10/17 14:13
2169,26,木津川市,2024/10/17 14:13,2024/10/17 14:13
2170,26,乙訓郡大山崎町,2024/10/17 14:13,2024/10/17 14:13
2171,26,久世郡久御山町,2024/10/17 14:13,2024/10/17 14:13
2172,26,綴喜郡井手町,2024/10/17 14:13,2024/10/17 14:13
2173,26,綴喜郡宇治田原町,2024/10/17 14:13,2024/10/17 14:13
2174,26,相楽郡笠置町,2024/10/17 14:13,2024/10/17 14:13
2175,26,相楽郡和束町,2024/10/17 14:13,2024/10/17 14:13
2176,26,相楽郡精華町,2024/10/17 14:13,2024/10/17 14:13
2177,26,相楽郡南山城村,2024/10/17 14:13,2024/10/17 14:13
2178,26,船井郡京丹波町,2024/10/17 14:13,2024/10/17 14:13
2179,26,与謝郡伊根町,2024/10/17 14:13,2024/10/17 14:13
2180,26,与謝郡与謝野町,2024/10/17 14:13,2024/10/17 14:13
2181,27,大阪市都島区,2024/10/17 14:13,2024/10/17 14:13
2182,27,大阪市福島区,2024/10/17 14:13,2024/10/17 14:13
2183,27,大阪市此花区,2024/10/17 14:13,2024/10/17 14:13
2184,27,大阪市西区,2024/10/17 14:13,2024/10/17 14:13
2185,27,大阪市港区,2024/10/17 14:13,2024/10/17 14:13
2186,27,大阪市大正区,2024/10/17 14:13,2024/10/17 14:13
2187,27,大阪市天王寺区,2024/10/17 14:13,2024/10/17 14:13
2188,27,大阪市浪速区,2024/10/17 14:13,2024/10/17 14:13
2189,27,大阪市西淀川区,2024/10/17 14:13,2024/10/17 14:13
2190,27,大阪市東淀川区,2024/10/17 14:13,2024/10/17 14:13
2191,27,大阪市東成区,2024/10/17 14:13,2024/10/17 14:13
2192,27,大阪市生野区,2024/10/17 14:13,2024/10/17 14:13
2193,27,大阪市旭区,2024/10/17 14:13,2024/10/17 14:13
2194,27,大阪市城東区,2024/10/17 14:13,2024/10/17 14:13
2195,27,大阪市阿倍野区,2024/10/17 14:13,2024/10/17 14:13
2196,27,大阪市住吉区,2024/10/17 14:13,2024/10/17 14:13
2197,27,大阪市東住吉区,2024/10/17 14:13,2024/10/17 14:13
2198,27,大阪市西成区,2024/10/17 14:13,2024/10/17 14:13
2199,27,大阪市淀川区,2024/10/17 14:13,2024/10/17 14:13
2200,27,大阪市鶴見区,2024/10/17 14:13,2024/10/17 14:13
2201,27,大阪市住之江区,2024/10/17 14:13,2024/10/17 14:13
2202,27,大阪市平野区,2024/10/17 14:13,2024/10/17 14:13
2203,27,大阪市北区,2024/10/17 14:13,2024/10/17 14:13
2204,27,大阪市中央区,2024/10/17 14:13,2024/10/17 14:13
2205,27,堺市堺区,2024/10/17 14:13,2024/10/17 14:13
2206,27,堺市中区,2024/10/17 14:13,2024/10/17 14:13
2207,27,堺市東区,2024/10/17 14:13,2024/10/17 14:13
2208,27,堺市西区,2024/10/17 14:13,2024/10/17 14:13
2209,27,堺市南区,2024/10/17 14:13,2024/10/17 14:13
2210,27,堺市北区,2024/10/17 14:13,2024/10/17 14:13
2211,27,堺市美原区,2024/10/17 14:13,2024/10/17 14:13
2212,27,岸和田市,2024/10/17 14:13,2024/10/17 14:13
2213,27,豊中市,2024/10/17 14:13,2024/10/17 14:13
2214,27,池田市,2024/10/17 14:13,2024/10/17 14:13
2215,27,吹田市,2024/10/17 14:13,2024/10/17 14:13
2216,27,泉大津市,2024/10/17 14:13,2024/10/17 14:13
2217,27,高槻市,2024/10/17 14:13,2024/10/17 14:13
2218,27,貝塚市,2024/10/17 14:13,2024/10/17 14:13
2219,27,守口市,2024/10/17 14:13,2024/10/17 14:13
2220,27,枚方市,2024/10/17 14:13,2024/10/17 14:13
2221,27,茨木市,2024/10/17 14:13,2024/10/17 14:13
2222,27,八尾市,2024/10/17 14:13,2024/10/17 14:13
2223,27,泉佐野市,2024/10/17 14:13,2024/10/17 14:13
2224,27,富田林市,2024/10/17 14:13,2024/10/17 14:13
2225,27,寝屋川市,2024/10/17 14:13,2024/10/17 14:13
2226,27,河内長野市,2024/10/17 14:13,2024/10/17 14:13
2227,27,松原市,2024/10/17 14:13,2024/10/17 14:13
2228,27,大東市,2024/10/17 14:13,2024/10/17 14:13
2229,27,和泉市,2024/10/17 14:13,2024/10/17 14:13
2230,27,箕面市,2024/10/17 14:13,2024/10/17 14:13
2231,27,柏原市,2024/10/17 14:13,2024/10/17 14:13
2232,27,羽曳野市,2024/10/17 14:13,2024/10/17 14:13
2233,27,門真市,2024/10/17 14:13,2024/10/17 14:13
2234,27,摂津市,2024/10/17 14:13,2024/10/17 14:13
2235,27,高石市,2024/10/17 14:13,2024/10/17 14:13
2236,27,藤井寺市,2024/10/17 14:13,2024/10/17 14:13
2237,27,東大阪市,2024/10/17 14:13,2024/10/17 14:13
2238,27,泉南市,2024/10/17 14:13,2024/10/17 14:13
2239,27,四條畷市,2024/10/17 14:13,2024/10/17 14:13
2240,27,交野市,2024/10/17 14:13,2024/10/17 14:13
2241,27,大阪狭山市,2024/10/17 14:13,2024/10/17 14:13
2242,27,阪南市,2024/10/17 14:13,2024/10/17 14:13
2243,27,三島郡島本町,2024/10/17 14:13,2024/10/17 14:13
2244,27,豊能郡豊能町,2024/10/17 14:13,2024/10/17 14:13
2245,27,豊能郡能勢町,2024/10/17 14:13,2024/10/17 14:13
2246,27,泉北郡忠岡町,2024/10/17 14:13,2024/10/17 14:13
2247,27,泉南郡熊取町,2024/10/17 14:13,2024/10/17 14:13
2248,27,泉南郡田尻町,2024/10/17 14:13,2024/10/17 14:13
2249,27,泉南郡岬町,2024/10/17 14:13,2024/10/17 14:13
2250,27,南河内郡太子町,2024/10/17 14:13,2024/10/17 14:13
2251,27,南河内郡河南町,2024/10/17 14:13,2024/10/17 14:13
2252,27,南河内郡千早赤阪村,2024/10/17 14:13,2024/10/17 14:13
2253,28,神戸市東灘区,2024/10/17 14:13,2024/10/17 14:13
2254,28,神戸市灘区,2024/10/17 14:13,2024/10/17 14:13
2255,28,神戸市兵庫区,2024/10/17 14:13,2024/10/17 14:13
2256,28,神戸市長田区,2024/10/17 14:13,2024/10/17 14:13
2257,28,神戸市須磨区,2024/10/17 14:13,2024/10/17 14:13
2258,28,神戸市垂水区,2024/10/17 14:13,2024/10/17 14:13
2259,28,神戸市北区,2024/10/17 14:13,2024/10/17 14:13
2260,28,神戸市中央区,2024/10/17 14:13,2024/10/17 14:13
2261,28,神戸市西区,2024/10/17 14:13,2024/10/17 14:13
2262,28,姫路市,2024/10/17 14:13,2024/10/17 14:13
2263,28,尼崎市,2024/10/17 14:13,2024/10/17 14:13
2264,28,明石市,2024/10/17 14:13,2024/10/17 14:13
2265,28,西宮市,2024/10/17 14:13,2024/10/17 14:13
2266,28,洲本市,2024/10/17 14:14,2024/10/17 14:14
2267,28,芦屋市,2024/10/17 14:14,2024/10/17 14:14
2268,28,伊丹市,2024/10/17 14:14,2024/10/17 14:14
2269,28,相生市,2024/10/17 14:14,2024/10/17 14:14
2270,28,豊岡市,2024/10/17 14:14,2024/10/17 14:14
2271,28,加古川市,2024/10/17 14:14,2024/10/17 14:14
2272,28,赤穂市,2024/10/17 14:14,2024/10/17 14:14
2273,28,西脇市,2024/10/17 14:14,2024/10/17 14:14
2274,28,宝塚市,2024/10/17 14:14,2024/10/17 14:14
2275,28,三木市,2024/10/17 14:14,2024/10/17 14:14
2276,28,高砂市,2024/10/17 14:14,2024/10/17 14:14
2277,28,川西市,2024/10/17 14:14,2024/10/17 14:14
2278,28,小野市,2024/10/17 14:14,2024/10/17 14:14
2279,28,三田市,2024/10/17 14:14,2024/10/17 14:14
2280,28,加西市,2024/10/17 14:14,2024/10/17 14:14
2281,28,丹波篠山市,2024/10/17 14:14,2024/10/17 14:14
2282,28,養父市,2024/10/17 14:14,2024/10/17 14:14
2283,28,丹波市,2024/10/17 14:14,2024/10/17 14:14
2284,28,南あわじ市,2024/10/17 14:14,2024/10/17 14:14
2285,28,朝来市,2024/10/17 14:14,2024/10/17 14:14
2286,28,淡路市,2024/10/17 14:14,2024/10/17 14:14
2287,28,宍粟市,2024/10/17 14:14,2024/10/17 14:14
2288,28,加東市,2024/10/17 14:14,2024/10/17 14:14
2289,28,たつの市,2024/10/17 14:14,2024/10/17 14:14
2290,28,川辺郡猪名川町,2024/10/17 14:14,2024/10/17 14:14
2291,28,多可郡多可町,2024/10/17 14:14,2024/10/17 14:14
2292,28,加古郡稲美町,2024/10/17 14:14,2024/10/17 14:14
2293,28,加古郡播磨町,2024/10/17 14:14,2024/10/17 14:14
2294,28,神崎郡市川町,2024/10/17 14:14,2024/10/17 14:14
2295,28,神崎郡福崎町,2024/10/17 14:14,2024/10/17 14:14
2296,28,神崎郡神河町,2024/10/17 14:14,2024/10/17 14:14
2297,28,揖保郡太子町,2024/10/17 14:14,2024/10/17 14:14
2298,28,赤穂郡上郡町,2024/10/17 14:14,2024/10/17 14:14
2299,28,佐用郡佐用町,2024/10/17 14:14,2024/10/17 14:14
2300,28,美方郡香美町,2024/10/17 14:14,2024/10/17 14:14
2301,28,美方郡新温泉町,2024/10/17 14:14,2024/10/17 14:14
2302,29,奈良市,2024/10/17 14:14,2024/10/17 14:14
2303,29,大和高田市,2024/10/17 14:14,2024/10/17 14:14
2304,29,大和郡山市,2024/10/17 14:14,2024/10/17 14:14
2305,29,天理市,2024/10/17 14:14,2024/10/17 14:14
2306,29,橿原市,2024/10/17 14:14,2024/10/17 14:14
2307,29,桜井市,2024/10/17 14:14,2024/10/17 14:14
2308,29,五條市,2024/10/17 14:14,2024/10/17 14:14
2309,29,御所市,2024/10/17 14:14,2024/10/17 14:14
2310,29,生駒市,2024/10/17 14:14,2024/10/17 14:14
2311,29,香芝市,2024/10/17 14:14,2024/10/17 14:14
2312,29,葛城市,2024/10/17 14:14,2024/10/17 14:14
2313,29,宇陀市,2024/10/17 14:14,2024/10/17 14:14
2314,29,山辺郡山添村,2024/10/17 14:14,2024/10/17 14:14
2315,29,生駒郡平群町,2024/10/17 14:14,2024/10/17 14:14
2316,29,生駒郡三郷町,2024/10/17 14:14,2024/10/17 14:14
2317,29,生駒郡斑鳩町,2024/10/17 14:14,2024/10/17 14:14
2318,29,生駒郡安堵町,2024/10/17 14:14,2024/10/17 14:14
2319,29,磯城郡川西町,2024/10/17 14:14,2024/10/17 14:14
2320,29,磯城郡三宅町,2024/10/17 14:14,2024/10/17 14:14
2321,29,磯城郡田原本町,2024/10/17 14:14,2024/10/17 14:14
2322,29,宇陀郡曽爾村,2024/10/17 14:14,2024/10/17 14:14
2323,29,宇陀郡御杖村,2024/10/17 14:14,2024/10/17 14:14
2324,29,高市郡高取町,2024/10/17 14:14,2024/10/17 14:14
2325,29,高市郡明日香村,2024/10/17 14:14,2024/10/17 14:14
2326,29,北葛城郡上牧町,2024/10/17 14:14,2024/10/17 14:14
2327,29,北葛城郡王寺町,2024/10/17 14:14,2024/10/17 14:14
2328,29,北葛城郡広陵町,2024/10/17 14:14,2024/10/17 14:14
2329,29,北葛城郡河合町,2024/10/17 14:14,2024/10/17 14:14
2330,29,吉野郡吉野町,2024/10/17 14:14,2024/10/17 14:14
2331,29,吉野郡大淀町,2024/10/17 14:14,2024/10/17 14:14
2332,29,吉野郡下市町,2024/10/17 14:14,2024/10/17 14:14
2333,29,吉野郡黒滝村,2024/10/17 14:14,2024/10/17 14:14
2334,29,吉野郡天川村,2024/10/17 14:14,2024/10/17 14:14
2335,29,吉野郡野迫川村,2024/10/17 14:14,2024/10/17 14:14
2336,29,吉野郡十津川村,2024/10/17 14:14,2024/10/17 14:14
2337,29,吉野郡下北山村,2024/10/17 14:14,2024/10/17 14:14
2338,29,吉野郡上北山村,2024/10/17 14:14,2024/10/17 14:14
2339,29,吉野郡川上村,2024/10/17 14:14,2024/10/17 14:14
2340,29,吉野郡東吉野村,2024/10/17 14:14,2024/10/17 14:14
2341,30,和歌山市,2024/10/17 14:14,2024/10/17 14:14
2342,30,海南市,2024/10/17 14:14,2024/10/17 14:14
2343,30,橋本市,2024/10/17 14:14,2024/10/17 14:14
2344,30,有田市,2024/10/17 14:14,2024/10/17 14:14
2345,30,御坊市,2024/10/17 14:14,2024/10/17 14:14
2346,30,田辺市,2024/10/17 14:14,2024/10/17 14:14
2347,30,新宮市,2024/10/17 14:14,2024/10/17 14:14
2348,30,紀の川市,2024/10/17 14:14,2024/10/17 14:14
2349,30,岩出市,2024/10/17 14:14,2024/10/17 14:14
2350,30,海草郡紀美野町,2024/10/17 14:14,2024/10/17 14:14
2351,30,伊都郡かつらぎ町,2024/10/17 14:14,2024/10/17 14:14
2352,30,伊都郡九度山町,2024/10/17 14:14,2024/10/17 14:14
2353,30,伊都郡高野町,2024/10/17 14:14,2024/10/17 14:14
2354,30,有田郡湯浅町,2024/10/17 14:14,2024/10/17 14:14
2355,30,有田郡広川町,2024/10/17 14:14,2024/10/17 14:14
2356,30,有田郡有田川町,2024/10/17 14:14,2024/10/17 14:14
2357,30,日高郡美浜町,2024/10/17 14:14,2024/10/17 14:14
2358,30,日高郡日高町,2024/10/17 14:14,2024/10/17 14:14
2359,30,日高郡由良町,2024/10/17 14:14,2024/10/17 14:14
2360,30,日高郡印南町,2024/10/17 14:14,2024/10/17 14:14
2361,30,日高郡みなべ町,2024/10/17 14:14,2024/10/17 14:14
2362,30,日高郡日高川町,2024/10/17 14:14,2024/10/17 14:14
2363,30,西牟婁郡白浜町,2024/10/17 14:14,2024/10/17 14:14
2364,30,西牟婁郡上富田町,2024/10/17 14:14,2024/10/17 14:14
2365,30,西牟婁郡すさみ町,2024/10/17 14:14,2024/10/17 14:14
2366,30,東牟婁郡那智勝浦町,2024/10/17 14:14,2024/10/17 14:14
2367,30,東牟婁郡太地町,2024/10/17 14:14,2024/10/17 14:14
2368,30,東牟婁郡古座川町,2024/10/17 14:14,2024/10/17 14:14
2369,30,東牟婁郡北山村,2024/10/17 14:14,2024/10/17 14:14
2370,30,東牟婁郡串本町,2024/10/17 14:14,2024/10/17 14:14
2371,31,鳥取市,2024/10/17 14:14,2024/10/17 14:14
2372,31,米子市,2024/10/17 14:14,2024/10/17 14:14
2373,31,倉吉市,2024/10/17 14:14,2024/10/17 14:14
2374,31,境港市,2024/10/17 14:14,2024/10/17 14:14
2375,31,岩美郡岩美町,2024/10/17 14:14,2024/10/17 14:14
2376,31,八頭郡若桜町,2024/10/17 14:14,2024/10/17 14:14
2377,31,八頭郡智頭町,2024/10/17 14:14,2024/10/17 14:14
2378,31,八頭郡八頭町,2024/10/17 14:14,2024/10/17 14:14
2379,31,東伯郡三朝町,2024/10/17 14:14,2024/10/17 14:14
2380,31,東伯郡湯梨浜町,2024/10/17 14:14,2024/10/17 14:14
2381,31,東伯郡琴浦町,2024/10/17 14:14,2024/10/17 14:14
2382,31,東伯郡北栄町,2024/10/17 14:14,2024/10/17 14:14
2383,31,西伯郡日吉津村,2024/10/17 14:14,2024/10/17 14:14
2384,31,西伯郡大山町,2024/10/17 14:14,2024/10/17 14:14
2385,31,西伯郡南部町,2024/10/17 14:14,2024/10/17 14:14
2386,31,西伯郡伯耆町,2024/10/17 14:14,2024/10/17 14:14
2387,31,日野郡日南町,2024/10/17 14:14,2024/10/17 14:14
2388,31,日野郡日野町,2024/10/17 14:14,2024/10/17 14:14
2389,31,日野郡江府町,2024/10/17 14:14,2024/10/17 14:14
2390,32,松江市,2024/10/17 14:14,2024/10/17 14:14
2391,32,浜田市,2024/10/17 14:14,2024/10/17 14:14
2392,32,出雲市,2024/10/17 14:14,2024/10/17 14:14
2393,32,益田市,2024/10/17 14:14,2024/10/17 14:14
2394,32,大田市,2024/10/17 14:14,2024/10/17 14:14
2395,32,安来市,2024/10/17 14:14,2024/10/17 14:14
2396,32,江津市,2024/10/17 14:14,2024/10/17 14:14
2397,32,雲南市,2024/10/17 14:14,2024/10/17 14:14
2398,32,仁多郡奥出雲町,2024/10/17 14:14,2024/10/17 14:14
2399,32,飯石郡飯南町,2024/10/17 14:14,2024/10/17 14:14
2400,32,邑智郡川本町,2024/10/17 14:14,2024/10/17 14:14
2401,32,邑智郡美郷町,2024/10/17 14:14,2024/10/17 14:14
2402,32,邑智郡邑南町,2024/10/17 14:14,2024/10/17 14:14
2403,32,鹿足郡津和野町,2024/10/17 14:14,2024/10/17 14:14
2404,32,鹿足郡吉賀町,2024/10/17 14:14,2024/10/17 14:14
2405,32,隠岐郡海士町,2024/10/17 14:14,2024/10/17 14:14
2406,32,隠岐郡西ノ島町,2024/10/17 14:14,2024/10/17 14:14
2407,32,隠岐郡知夫村,2024/10/17 14:14,2024/10/17 14:14
2408,32,隠岐郡隠岐の島町,2024/10/17 14:14,2024/10/17 14:14
2409,33,岡山市北区,2024/10/17 14:14,2024/10/17 14:14
2410,33,岡山市中区,2024/10/17 14:15,2024/10/17 14:15
2411,33,岡山市東区,2024/10/17 14:15,2024/10/17 14:15
2412,33,岡山市南区,2024/10/17 14:15,2024/10/17 14:15
2413,33,倉敷市,2024/10/17 14:15,2024/10/17 14:15
2414,33,津山市,2024/10/17 14:15,2024/10/17 14:15
2415,33,玉野市,2024/10/17 14:15,2024/10/17 14:15
2416,33,笠岡市,2024/10/17 14:15,2024/10/17 14:15
2417,33,井原市,2024/10/17 14:15,2024/10/17 14:15
2418,33,総社市,2024/10/17 14:15,2024/10/17 14:15
2419,33,高梁市,2024/10/17 14:15,2024/10/17 14:15
2420,33,新見市,2024/10/17 14:15,2024/10/17 14:15
2421,33,備前市,2024/10/17 14:15,2024/10/17 14:15
2422,33,瀬戸内市,2024/10/17 14:15,2024/10/17 14:15
2423,33,赤磐市,2024/10/17 14:15,2024/10/17 14:15
2424,33,真庭市,2024/10/17 14:15,2024/10/17 14:15
2425,33,美作市,2024/10/17 14:15,2024/10/17 14:15
2426,33,浅口市,2024/10/17 14:15,2024/10/17 14:15
2427,33,和気郡和気町,2024/10/17 14:15,2024/10/17 14:15
2428,33,都窪郡早島町,2024/10/17 14:15,2024/10/17 14:15
2429,33,浅口郡里庄町,2024/10/17 14:15,2024/10/17 14:15
2430,33,小田郡矢掛町,2024/10/17 14:15,2024/10/17 14:15
2431,33,真庭郡新庄村,2024/10/17 14:15,2024/10/17 14:15
2432,33,苫田郡鏡野町,2024/10/17 14:15,2024/10/17 14:15
2433,33,勝田郡勝央町,2024/10/17 14:15,2024/10/17 14:15
2434,33,勝田郡奈義町,2024/10/17 14:15,2024/10/17 14:15
2435,33,英田郡西粟倉村,2024/10/17 14:15,2024/10/17 14:15
2436,33,久米郡久米南町,2024/10/17 14:15,2024/10/17 14:15
2437,33,久米郡美咲町,2024/10/17 14:15,2024/10/17 14:15
2438,33,加賀郡吉備中央町,2024/10/17 14:15,2024/10/17 14:15
2439,34,広島市中区,2024/10/17 14:15,2024/10/17 14:15
2440,34,広島市東区,2024/10/17 14:15,2024/10/17 14:15
2441,34,広島市南区,2024/10/17 14:15,2024/10/17 14:15
2442,34,広島市西区,2024/10/17 14:15,2024/10/17 14:15
2443,34,広島市安佐南区,2024/10/17 14:15,2024/10/17 14:15
2444,34,広島市安佐北区,2024/10/17 14:15,2024/10/17 14:15
2445,34,広島市安芸区,2024/10/17 14:15,2024/10/17 14:15
2446,34,広島市佐伯区,2024/10/17 14:15,2024/10/17 14:15
2447,34,呉市,2024/10/17 14:15,2024/10/17 14:15
2448,34,竹原市,2024/10/17 14:15,2024/10/17 14:15
2449,34,三原市,2024/10/17 14:15,2024/10/17 14:15
2450,34,尾道市,2024/10/17 14:15,2024/10/17 14:15
2451,34,福山市,2024/10/17 14:15,2024/10/17 14:15
2452,34,府中市,2024/10/17 14:15,2024/10/17 14:15
2453,34,三次市,2024/10/17 14:15,2024/10/17 14:15
2454,34,庄原市,2024/10/17 14:15,2024/10/17 14:15
2455,34,大竹市,2024/10/17 14:15,2024/10/17 14:15
2456,34,東広島市,2024/10/17 14:15,2024/10/17 14:15
2457,34,廿日市市,2024/10/17 14:15,2024/10/17 14:15
2458,34,安芸高田市,2024/10/17 14:15,2024/10/17 14:15
2459,34,江田島市,2024/10/17 14:15,2024/10/17 14:15
2460,34,安芸郡府中町,2024/10/17 14:15,2024/10/17 14:15
2461,34,安芸郡海田町,2024/10/17 14:15,2024/10/17 14:15
2462,34,安芸郡熊野町,2024/10/17 14:15,2024/10/17 14:15
2463,34,安芸郡坂町,2024/10/17 14:15,2024/10/17 14:15
2464,34,山県郡安芸太田町,2024/10/17 14:15,2024/10/17 14:15
2465,34,山県郡北広島町,2024/10/17 14:15,2024/10/17 14:15
2466,34,豊田郡大崎上島町,2024/10/17 14:15,2024/10/17 14:15
2467,34,世羅郡世羅町,2024/10/17 14:15,2024/10/17 14:15
2468,34,神石郡神石高原町,2024/10/17 14:15,2024/10/17 14:15
2469,35,下関市,2024/10/17 14:15,2024/10/17 14:15
2470,35,宇部市,2024/10/17 14:15,2024/10/17 14:15
2471,35,山口市,2024/10/17 14:15,2024/10/17 14:15
2472,35,萩市,2024/10/17 14:15,2024/10/17 14:15
2473,35,防府市,2024/10/17 14:15,2024/10/17 14:15
2474,35,下松市,2024/10/17 14:15,2024/10/17 14:15
2475,35,岩国市,2024/10/17 14:15,2024/10/17 14:15
2476,35,光市,2024/10/17 14:15,2024/10/17 14:15
2477,35,長門市,2024/10/17 14:15,2024/10/17 14:15
2478,35,柳井市,2024/10/17 14:15,2024/10/17 14:15
2479,35,美祢市,2024/10/17 14:15,2024/10/17 14:15
2480,35,周南市,2024/10/17 14:15,2024/10/17 14:15
2481,35,山陽小野田市,2024/10/17 14:15,2024/10/17 14:15
2482,35,大島郡周防大島町,2024/10/17 14:15,2024/10/17 14:15
2483,35,玖珂郡和木町,2024/10/17 14:15,2024/10/17 14:15
2484,35,熊毛郡上関町,2024/10/17 14:15,2024/10/17 14:15
2485,35,熊毛郡田布施町,2024/10/17 14:15,2024/10/17 14:15
2486,35,熊毛郡平生町,2024/10/17 14:15,2024/10/17 14:15
2487,35,阿武郡阿武町,2024/10/17 14:15,2024/10/17 14:15
2488,36,徳島市,2024/10/17 14:15,2024/10/17 14:15
2489,36,鳴門市,2024/10/17 14:15,2024/10/17 14:15
2490,36,小松島市,2024/10/17 14:15,2024/10/17 14:15
2491,36,阿南市,2024/10/17 14:15,2024/10/17 14:15
2492,36,吉野川市,2024/10/17 14:15,2024/10/17 14:15
2493,36,阿波市,2024/10/17 14:15,2024/10/17 14:15
2494,36,美馬市,2024/10/17 14:15,2024/10/17 14:15
2495,36,三好市,2024/10/17 14:15,2024/10/17 14:15
2496,36,勝浦郡勝浦町,2024/10/17 14:15,2024/10/17 14:15
2497,36,勝浦郡上勝町,2024/10/17 14:15,2024/10/17 14:15
2498,36,名東郡佐那河内村,2024/10/17 14:15,2024/10/17 14:15
2499,36,名西郡石井町,2024/10/17 14:15,2024/10/17 14:15
2500,36,名西郡神山町,2024/10/17 14:15,2024/10/17 14:15
2501,36,那賀郡那賀町,2024/10/17 14:15,2024/10/17 14:15
2502,36,海部郡牟岐町,2024/10/17 14:15,2024/10/17 14:15
2503,36,海部郡美波町,2024/10/17 14:15,2024/10/17 14:15
2504,36,海部郡海陽町,2024/10/17 14:15,2024/10/17 14:15
2505,36,板野郡松茂町,2024/10/17 14:15,2024/10/17 14:15
2506,36,板野郡北島町,2024/10/17 14:15,2024/10/17 14:15
2507,36,板野郡藍住町,2024/10/17 14:15,2024/10/17 14:15
2508,36,板野郡板野町,2024/10/17 14:15,2024/10/17 14:15
2509,36,板野郡上板町,2024/10/17 14:15,2024/10/17 14:15
2510,36,美馬郡つるぎ町,2024/10/17 14:15,2024/10/17 14:15
2511,36,三好郡東みよし町,2024/10/17 14:15,2024/10/17 14:15
2512,37,高松市,2024/10/17 14:15,2024/10/17 14:15
2513,37,丸亀市,2024/10/17 14:15,2024/10/17 14:15
2514,37,坂出市,2024/10/17 14:15,2024/10/17 14:15
2515,37,善通寺市,2024/10/17 14:15,2024/10/17 14:15
2516,37,観音寺市,2024/10/17 14:15,2024/10/17 14:15
2517,37,さぬき市,2024/10/17 14:15,2024/10/17 14:15
2518,37,東かがわ市,2024/10/17 14:15,2024/10/17 14:15
2519,37,三豊市,2024/10/17 14:15,2024/10/17 14:15
2520,37,小豆郡土庄町,2024/10/17 14:15,2024/10/17 14:15
2521,37,小豆郡小豆島町,2024/10/17 14:15,2024/10/17 14:15
2522,37,木田郡三木町,2024/10/17 14:15,2024/10/17 14:15
2523,37,香川郡直島町,2024/10/17 14:15,2024/10/17 14:15
2524,37,綾歌郡宇多津町,2024/10/17 14:15,2024/10/17 14:15
2525,37,綾歌郡綾川町,2024/10/17 14:15,2024/10/17 14:15
2526,37,仲多度郡琴平町,2024/10/17 14:15,2024/10/17 14:15
2527,37,仲多度郡多度津町,2024/10/17 14:15,2024/10/17 14:15
2528,37,仲多度郡まんのう町,2024/10/17 14:15,2024/10/17 14:15
2529,38,松山市,2024/10/17 14:15,2024/10/17 14:15
2530,38,今治市,2024/10/17 14:15,2024/10/17 14:15
2531,38,宇和島市,2024/10/17 14:15,2024/10/17 14:15
2532,38,八幡浜市,2024/10/17 14:15,2024/10/17 14:15
2533,38,新居浜市,2024/10/17 14:15,2024/10/17 14:15
2534,38,西条市,2024/10/17 14:15,2024/10/17 14:15
2535,38,大洲市,2024/10/17 14:15,2024/10/17 14:15
2536,38,伊予市,2024/10/17 14:15,2024/10/17 14:15
2537,38,四国中央市,2024/10/17 14:15,2024/10/17 14:15
2538,38,西予市,2024/10/17 14:15,2024/10/17 14:15
2539,38,東温市,2024/10/17 14:15,2024/10/17 14:15
2540,38,越智郡上島町,2024/10/17 14:15,2024/10/17 14:15
2541,38,上浮穴郡久万高原町,2024/10/17 14:15,2024/10/17 14:15
2542,38,伊予郡松前町,2024/10/17 14:15,2024/10/17 14:15
2543,38,伊予郡砥部町,2024/10/17 14:15,2024/10/17 14:15
2544,38,喜多郡内子町,2024/10/17 14:15,2024/10/17 14:15
2545,38,西宇和郡伊方町,2024/10/17 14:15,2024/10/17 14:15
2546,38,北宇和郡松野町,2024/10/17 14:15,2024/10/17 14:15
2547,38,北宇和郡鬼北町,2024/10/17 14:15,2024/10/17 14:15
2548,38,南宇和郡愛南町,2024/10/17 14:15,2024/10/17 14:15
2549,39,高知市,2024/10/17 14:15,2024/10/17 14:15
2550,39,室戸市,2024/10/17 14:15,2024/10/17 14:15
2551,39,安芸市,2024/10/17 14:15,2024/10/17 14:15
2552,39,南国市,2024/10/17 14:15,2024/10/17 14:15
2553,39,土佐市,2024/10/17 14:15,2024/10/17 14:15
2554,39,須崎市,2024/10/17 14:16,2024/10/17 14:16
2555,39,宿毛市,2024/10/17 14:16,2024/10/17 14:16
2556,39,土佐清水市,2024/10/17 14:16,2024/10/17 14:16
2557,39,四万十市,2024/10/17 14:16,2024/10/17 14:16
2558,39,香南市,2024/10/17 14:16,2024/10/17 14:16
2559,39,香美市,2024/10/17 14:16,2024/10/17 14:16
2560,39,安芸郡東洋町,2024/10/17 14:16,2024/10/17 14:16
2561,39,安芸郡奈半利町,2024/10/17 14:16,2024/10/17 14:16
2562,39,安芸郡田野町,2024/10/17 14:16,2024/10/17 14:16
2563,39,安芸郡安田町,2024/10/17 14:16,2024/10/17 14:16
2564,39,安芸郡北川村,2024/10/17 14:16,2024/10/17 14:16
2565,39,安芸郡馬路村,2024/10/17 14:16,2024/10/17 14:16
2566,39,安芸郡芸西村,2024/10/17 14:16,2024/10/17 14:16
2567,39,長岡郡本山町,2024/10/17 14:16,2024/10/17 14:16
2568,39,長岡郡大豊町,2024/10/17 14:16,2024/10/17 14:16
2569,39,土佐郡土佐町,2024/10/17 14:16,2024/10/17 14:16
2570,39,土佐郡大川村,2024/10/17 14:16,2024/10/17 14:16
2571,39,吾川郡いの町,2024/10/17 14:16,2024/10/17 14:16
2572,39,吾川郡仁淀川町,2024/10/17 14:16,2024/10/17 14:16
2573,39,高岡郡中土佐町,2024/10/17 14:16,2024/10/17 14:16
2574,39,高岡郡佐川町,2024/10/17 14:16,2024/10/17 14:16
2575,39,高岡郡越知町,2024/10/17 14:16,2024/10/17 14:16
2576,39,高岡郡檮原町,2024/10/17 14:16,2024/10/17 14:16
2577,39,高岡郡日高村,2024/10/17 14:16,2024/10/17 14:16
2578,39,高岡郡津野町,2024/10/17 14:16,2024/10/17 14:16
2579,39,高岡郡四万十町,2024/10/17 14:16,2024/10/17 14:16
2580,39,幡多郡大月町,2024/10/17 14:16,2024/10/17 14:16
2581,39,幡多郡三原村,2024/10/17 14:16,2024/10/17 14:16
2582,39,幡多郡黒潮町,2024/10/17 14:16,2024/10/17 14:16
2583,40,北九州市門司区,2024/10/17 14:16,2024/10/17 14:16
2584,40,北九州市若松区,2024/10/17 14:16,2024/10/17 14:16
2585,40,北九州市戸畑区,2024/10/17 14:16,2024/10/17 14:16
2586,40,北九州市小倉北区,2024/10/17 14:16,2024/10/17 14:16
2587,40,北九州市小倉南区,2024/10/17 14:16,2024/10/17 14:16
2588,40,北九州市八幡東区,2024/10/17 14:16,2024/10/17 14:16
2589,40,北九州市八幡西区,2024/10/17 14:16,2024/10/17 14:16
2590,40,福岡市東区,2024/10/17 14:16,2024/10/17 14:16
2591,40,福岡市博多区,2024/10/17 14:16,2024/10/17 14:16
2592,40,福岡市中央区,2024/10/17 14:16,2024/10/17 14:16
2593,40,福岡市南区,2024/10/17 14:16,2024/10/17 14:16
2594,40,福岡市西区,2024/10/17 14:16,2024/10/17 14:16
2595,40,福岡市城南区,2024/10/17 14:16,2024/10/17 14:16
2596,40,福岡市早良区,2024/10/17 14:16,2024/10/17 14:16
2597,40,大牟田市,2024/10/17 14:16,2024/10/17 14:16
2598,40,久留米市,2024/10/17 14:16,2024/10/17 14:16
2599,40,直方市,2024/10/17 14:16,2024/10/17 14:16
2600,40,飯塚市,2024/10/17 14:16,2024/10/17 14:16
2601,40,田川市,2024/10/17 14:16,2024/10/17 14:16
2602,40,柳川市,2024/10/17 14:16,2024/10/17 14:16
2603,40,八女市,2024/10/17 14:16,2024/10/17 14:16
2604,40,筑後市,2024/10/17 14:16,2024/10/17 14:16
2605,40,大川市,2024/10/17 14:16,2024/10/17 14:16
2606,40,行橋市,2024/10/17 14:16,2024/10/17 14:16
2607,40,豊前市,2024/10/17 14:16,2024/10/17 14:16
2608,40,中間市,2024/10/17 14:16,2024/10/17 14:16
2609,40,小郡市,2024/10/17 14:16,2024/10/17 14:16
2610,40,筑紫野市,2024/10/17 14:16,2024/10/17 14:16
2611,40,春日市,2024/10/17 14:16,2024/10/17 14:16
2612,40,大野城市,2024/10/17 14:16,2024/10/17 14:16
2613,40,宗像市,2024/10/17 14:16,2024/10/17 14:16
2614,40,太宰府市,2024/10/17 14:16,2024/10/17 14:16
2615,40,古賀市,2024/10/17 14:16,2024/10/17 14:16
2616,40,福津市,2024/10/17 14:16,2024/10/17 14:16
2617,40,うきは市,2024/10/17 14:16,2024/10/17 14:16
2618,40,宮若市,2024/10/17 14:16,2024/10/17 14:16
2619,40,嘉麻市,2024/10/17 14:16,2024/10/17 14:16
2620,40,朝倉市,2024/10/17 14:16,2024/10/17 14:16
2621,40,みやま市,2024/10/17 14:16,2024/10/17 14:16
2622,40,糸島市,2024/10/17 14:16,2024/10/17 14:16
2623,40,那珂川市,2024/10/17 14:16,2024/10/17 14:16
2624,40,糟屋郡宇美町,2024/10/17 14:16,2024/10/17 14:16
2625,40,糟屋郡篠栗町,2024/10/17 14:16,2024/10/17 14:16
2626,40,糟屋郡志免町,2024/10/17 14:16,2024/10/17 14:16
2627,40,糟屋郡須惠町,2024/10/17 14:16,2024/10/17 14:16
2628,40,糟屋郡新宮町,2024/10/17 14:16,2024/10/17 14:16
2629,40,糟屋郡久山町,2024/10/17 14:16,2024/10/17 14:16
2630,40,糟屋郡粕屋町,2024/10/17 14:16,2024/10/17 14:16
2631,40,遠賀郡芦屋町,2024/10/17 14:16,2024/10/17 14:16
2632,40,遠賀郡水巻町,2024/10/17 14:16,2024/10/17 14:16
2633,40,遠賀郡岡垣町,2024/10/17 14:16,2024/10/17 14:16
2634,40,遠賀郡遠賀町,2024/10/17 14:16,2024/10/17 14:16
2635,40,鞍手郡小竹町,2024/10/17 14:16,2024/10/17 14:16
2636,40,鞍手郡鞍手町,2024/10/17 14:16,2024/10/17 14:16
2637,40,嘉穂郡桂川町,2024/10/17 14:16,2024/10/17 14:16
2638,40,朝倉郡筑前町,2024/10/17 14:16,2024/10/17 14:16
2639,40,朝倉郡東峰村,2024/10/17 14:16,2024/10/17 14:16
2640,40,三井郡大刀洗町,2024/10/17 14:16,2024/10/17 14:16
2641,40,三潴郡大木町,2024/10/17 14:16,2024/10/17 14:16
2642,40,八女郡広川町,2024/10/17 14:16,2024/10/17 14:16
2643,40,田川郡香春町,2024/10/17 14:16,2024/10/17 14:16
2644,40,田川郡添田町,2024/10/17 14:16,2024/10/17 14:16
2645,40,田川郡糸田町,2024/10/17 14:16,2024/10/17 14:16
2646,40,田川郡川崎町,2024/10/17 14:16,2024/10/17 14:16
2647,40,田川郡大任町,2024/10/17 14:16,2024/10/17 14:16
2648,40,田川郡赤村,2024/10/17 14:16,2024/10/17 14:16
2649,40,田川郡福智町,2024/10/17 14:16,2024/10/17 14:16
2650,40,京都郡苅田町,2024/10/17 14:16,2024/10/17 14:16
2651,40,京都郡みやこ町,2024/10/17 14:16,2024/10/17 14:16
2652,40,築上郡吉富町,2024/10/17 14:16,2024/10/17 14:16
2653,40,築上郡上毛町,2024/10/17 14:16,2024/10/17 14:16
2654,40,築上郡築上町,2024/10/17 14:16,2024/10/17 14:16
2655,41,佐賀市,2024/10/17 14:16,2024/10/17 14:16
2656,41,唐津市,2024/10/17 14:16,2024/10/17 14:16
2657,41,鳥栖市,2024/10/17 14:16,2024/10/17 14:16
2658,41,多久市,2024/10/17 14:16,2024/10/17 14:16
2659,41,伊万里市,2024/10/17 14:16,2024/10/17 14:16
2660,41,武雄市,2024/10/17 14:16,2024/10/17 14:16
2661,41,鹿島市,2024/10/17 14:16,2024/10/17 14:16
2662,41,小城市,2024/10/17 14:16,2024/10/17 14:16
2663,41,嬉野市,2024/10/17 14:16,2024/10/17 14:16
2664,41,神埼市,2024/10/17 14:16,2024/10/17 14:16
2665,41,神埼郡吉野ヶ里町,2024/10/17 14:16,2024/10/17 14:16
2666,41,三養基郡基山町,2024/10/17 14:16,2024/10/17 14:16
2667,41,三養基郡上峰町,2024/10/17 14:16,2024/10/17 14:16
2668,41,三養基郡みやき町,2024/10/17 14:16,2024/10/17 14:16
2669,41,東松浦郡玄海町,2024/10/17 14:16,2024/10/17 14:16
2670,41,西松浦郡有田町,2024/10/17 14:16,2024/10/17 14:16
2671,41,杵島郡大町町,2024/10/17 14:16,2024/10/17 14:16
2672,41,杵島郡江北町,2024/10/17 14:16,2024/10/17 14:16
2673,41,杵島郡白石町,2024/10/17 14:16,2024/10/17 14:16
2674,41,藤津郡太良町,2024/10/17 14:16,2024/10/17 14:16
2675,42,長崎市,2024/10/17 14:16,2024/10/17 14:16
2676,42,佐世保市,2024/10/17 14:16,2024/10/17 14:16
2677,42,島原市,2024/10/17 14:16,2024/10/17 14:16
2678,42,諫早市,2024/10/17 14:16,2024/10/17 14:16
2679,42,大村市,2024/10/17 14:16,2024/10/17 14:16
2680,42,平戸市,2024/10/17 14:16,2024/10/17 14:16
2681,42,松浦市,2024/10/17 14:16,2024/10/17 14:16
2682,42,対馬市,2024/10/17 14:16,2024/10/17 14:16
2683,42,壱岐市,2024/10/17 14:16,2024/10/17 14:16
2684,42,五島市,2024/10/17 14:16,2024/10/17 14:16
2685,42,西海市,2024/10/17 14:16,2024/10/17 14:16
2686,42,雲仙市,2024/10/17 14:16,2024/10/17 14:16
2687,42,南島原市,2024/10/17 14:16,2024/10/17 14:16
2688,42,西彼杵郡長与町,2024/10/17 14:16,2024/10/17 14:16
2689,42,西彼杵郡時津町,2024/10/17 14:16,2024/10/17 14:16
2690,42,東彼杵郡東彼杵町,2024/10/17 14:16,2024/10/17 14:16
2691,42,東彼杵郡川棚町,2024/10/17 14:16,2024/10/17 14:16
2692,42,東彼杵郡波佐見町,2024/10/17 14:16,2024/10/17 14:16
2693,42,北松浦郡小値賀町,2024/10/17 14:16,2024/10/17 14:16
2694,42,北松浦郡佐々町,2024/10/17 14:16,2024/10/17 14:16
2695,42,南松浦郡新上五島町,2024/10/17 14:16,2024/10/17 14:16
2696,43,熊本市中央区,2024/10/17 14:16,2024/10/17 14:16
2697,43,熊本市東区,2024/10/17 14:16,2024/10/17 14:16
2698,43,熊本市西区,2024/10/17 14:16,2024/10/17 14:16
2699,43,熊本市南区,2024/10/17 14:17,2024/10/17 14:17
2700,43,熊本市北区,2024/10/17 14:17,2024/10/17 14:17
2701,43,八代市,2024/10/17 14:17,2024/10/17 14:17
2702,43,人吉市,2024/10/17 14:17,2024/10/17 14:17
2703,43,荒尾市,2024/10/17 14:17,2024/10/17 14:17
2704,43,水俣市,2024/10/17 14:17,2024/10/17 14:17
2705,43,玉名市,2024/10/17 14:17,2024/10/17 14:17
2706,43,山鹿市,2024/10/17 14:17,2024/10/17 14:17
2707,43,菊池市,2024/10/17 14:17,2024/10/17 14:17
2708,43,宇土市,2024/10/17 14:17,2024/10/17 14:17
2709,43,上天草市,2024/10/17 14:17,2024/10/17 14:17
2710,43,宇城市,2024/10/17 14:17,2024/10/17 14:17
2711,43,阿蘇市,2024/10/17 14:17,2024/10/17 14:17
2712,43,天草市,2024/10/17 14:17,2024/10/17 14:17
2713,43,合志市,2024/10/17 14:17,2024/10/17 14:17
2714,43,下益城郡美里町,2024/10/17 14:17,2024/10/17 14:17
2715,43,玉名郡玉東町,2024/10/17 14:17,2024/10/17 14:17
2716,43,玉名郡南関町,2024/10/17 14:17,2024/10/17 14:17
2717,43,玉名郡長洲町,2024/10/17 14:17,2024/10/17 14:17
2718,43,玉名郡和水町,2024/10/17 14:17,2024/10/17 14:17
2719,43,菊池郡大津町,2024/10/17 14:17,2024/10/17 14:17
2720,43,菊池郡菊陽町,2024/10/17 14:17,2024/10/17 14:17
2721,43,阿蘇郡南小国町,2024/10/17 14:17,2024/10/17 14:17
2722,43,阿蘇郡小国町,2024/10/17 14:17,2024/10/17 14:17
2723,43,阿蘇郡産山村,2024/10/17 14:17,2024/10/17 14:17
2724,43,阿蘇郡高森町,2024/10/17 14:17,2024/10/17 14:17
2725,43,阿蘇郡西原村,2024/10/17 14:17,2024/10/17 14:17
2726,43,阿蘇郡南阿蘇村,2024/10/17 14:17,2024/10/17 14:17
2727,43,上益城郡御船町,2024/10/17 14:17,2024/10/17 14:17
2728,43,上益城郡嘉島町,2024/10/17 14:17,2024/10/17 14:17
2729,43,上益城郡益城町,2024/10/17 14:17,2024/10/17 14:17
2730,43,上益城郡甲佐町,2024/10/17 14:17,2024/10/17 14:17
2731,43,上益城郡山都町,2024/10/17 14:17,2024/10/17 14:17
2732,43,八代郡氷川町,2024/10/17 14:17,2024/10/17 14:17
2733,43,葦北郡芦北町,2024/10/17 14:17,2024/10/17 14:17
2734,43,葦北郡津奈木町,2024/10/17 14:17,2024/10/17 14:17
2735,43,球磨郡錦町,2024/10/17 14:17,2024/10/17 14:17
2736,43,球磨郡多良木町,2024/10/17 14:17,2024/10/17 14:17
2737,43,球磨郡湯前町,2024/10/17 14:17,2024/10/17 14:17
2738,43,球磨郡水上村,2024/10/17 14:17,2024/10/17 14:17
2739,43,球磨郡相良村,2024/10/17 14:17,2024/10/17 14:17
2740,43,球磨郡五木村,2024/10/17 14:17,2024/10/17 14:17
2741,43,球磨郡山江村,2024/10/17 14:17,2024/10/17 14:17
2742,43,球磨郡球磨村,2024/10/17 14:17,2024/10/17 14:17
2743,43,球磨郡あさぎり町,2024/10/17 14:17,2024/10/17 14:17
2744,43,天草郡苓北町,2024/10/17 14:17,2024/10/17 14:17
2745,44,大分市,2024/10/17 14:17,2024/10/17 14:17
2746,44,別府市,2024/10/17 14:17,2024/10/17 14:17
2747,44,中津市,2024/10/17 14:17,2024/10/17 14:17
2748,44,日田市,2024/10/17 14:17,2024/10/17 14:17
2749,44,佐伯市,2024/10/17 14:17,2024/10/17 14:17
2750,44,臼杵市,2024/10/17 14:17,2024/10/17 14:17
2751,44,津久見市,2024/10/17 14:17,2024/10/17 14:17
2752,44,竹田市,2024/10/17 14:17,2024/10/17 14:17
2753,44,豊後高田市,2024/10/17 14:17,2024/10/17 14:17
2754,44,杵築市,2024/10/17 14:17,2024/10/17 14:17
2755,44,宇佐市,2024/10/17 14:17,2024/10/17 14:17
2756,44,豊後大野市,2024/10/17 14:17,2024/10/17 14:17
2757,44,由布市,2024/10/17 14:17,2024/10/17 14:17
2758,44,国東市,2024/10/17 14:17,2024/10/17 14:17
2759,44,東国東郡姫島村,2024/10/17 14:17,2024/10/17 14:17
2760,44,速見郡日出町,2024/10/17 14:17,2024/10/17 14:17
2761,44,玖珠郡九重町,2024/10/17 14:17,2024/10/17 14:17
2762,44,玖珠郡玖珠町,2024/10/17 14:17,2024/10/17 14:17
2763,45,宮崎市,2024/10/17 14:17,2024/10/17 14:17
2764,45,都城市,2024/10/17 14:17,2024/10/17 14:17
2765,45,延岡市,2024/10/17 14:17,2024/10/17 14:17
2766,45,日南市,2024/10/17 14:17,2024/10/17 14:17
2767,45,小林市,2024/10/17 14:17,2024/10/17 14:17
2768,45,日向市,2024/10/17 14:17,2024/10/17 14:17
2769,45,串間市,2024/10/17 14:17,2024/10/17 14:17
2770,45,西都市,2024/10/17 14:17,2024/10/17 14:17
2771,45,えびの市,2024/10/17 14:17,2024/10/17 14:17
2772,45,北諸県郡三股町,2024/10/17 14:17,2024/10/17 14:17
2773,45,西諸県郡高原町,2024/10/17 14:17,2024/10/17 14:17
2774,45,東諸県郡国富町,2024/10/17 14:17,2024/10/17 14:17
2775,45,東諸県郡綾町,2024/10/17 14:17,2024/10/17 14:17
2776,45,児湯郡高鍋町,2024/10/17 14:17,2024/10/17 14:17
2777,45,児湯郡新富町,2024/10/17 14:17,2024/10/17 14:17
2778,45,児湯郡西米良村,2024/10/17 14:17,2024/10/17 14:17
2779,45,児湯郡木城町,2024/10/17 14:17,2024/10/17 14:17
2780,45,児湯郡川南町,2024/10/17 14:17,2024/10/17 14:17
2781,45,児湯郡都農町,2024/10/17 14:17,2024/10/17 14:17
2782,45,東臼杵郡門川町,2024/10/17 14:17,2024/10/17 14:17
2783,45,東臼杵郡諸塚村,2024/10/17 14:17,2024/10/17 14:17
2784,45,東臼杵郡椎葉村,2024/10/17 14:17,2024/10/17 14:17
2785,45,東臼杵郡美郷町,2024/10/17 14:17,2024/10/17 14:17
2786,45,西臼杵郡高千穂町,2024/10/17 14:17,2024/10/17 14:17
2787,45,西臼杵郡日之影町,2024/10/17 14:17,2024/10/17 14:17
2788,45,西臼杵郡五ヶ瀬町,2024/10/17 14:17,2024/10/17 14:17
2789,46,鹿児島市,2024/10/17 14:17,2024/10/17 14:17
2790,46,鹿屋市,2024/10/17 14:17,2024/10/17 14:17
2791,46,枕崎市,2024/10/17 14:17,2024/10/17 14:17
2792,46,阿久根市,2024/10/17 14:17,2024/10/17 14:17
2793,46,出水市,2024/10/17 14:17,2024/10/17 14:17
2794,46,指宿市,2024/10/17 14:17,2024/10/17 14:17
2795,46,西之表市,2024/10/17 14:17,2024/10/17 14:17
2796,46,垂水市,2024/10/17 14:17,2024/10/17 14:17
2797,46,薩摩川内市,2024/10/17 14:17,2024/10/17 14:17
2798,46,日置市,2024/10/17 14:17,2024/10/17 14:17
2799,46,曽於市,2024/10/17 14:17,2024/10/17 14:17
2800,46,霧島市,2024/10/17 14:17,2024/10/17 14:17
2801,46,いちき串木野市,2024/10/17 14:17,2024/10/17 14:17
2802,46,南さつま市,2024/10/17 14:17,2024/10/17 14:17
2803,46,志布志市,2024/10/17 14:17,2024/10/17 14:17
2804,46,奄美市,2024/10/17 14:17,2024/10/17 14:17
2805,46,南九州市,2024/10/17 14:17,2024/10/17 14:17
2806,46,伊佐市,2024/10/17 14:17,2024/10/17 14:17
2807,46,姶良市,2024/10/17 14:17,2024/10/17 14:17
2808,46,鹿児島郡三島村,2024/10/17 14:17,2024/10/17 14:17
2809,46,鹿児島郡十島村,2024/10/17 14:17,2024/10/17 14:17
2810,46,薩摩郡さつま町,2024/10/17 14:17,2024/10/17 14:17
2811,46,出水郡長島町,2024/10/17 14:17,2024/10/17 14:17
2812,46,姶良郡湧水町,2024/10/17 14:17,2024/10/17 14:17
2813,46,曽於郡大崎町,2024/10/17 14:17,2024/10/17 14:17
2814,46,肝属郡東串良町,2024/10/17 14:17,2024/10/17 14:17
2815,46,肝属郡錦江町,2024/10/17 14:17,2024/10/17 14:17
2816,46,肝属郡南大隅町,2024/10/17 14:17,2024/10/17 14:17
2817,46,肝属郡肝付町,2024/10/17 14:17,2024/10/17 14:17
2818,46,熊毛郡中種子町,2024/10/17 14:17,2024/10/17 14:17
2819,46,熊毛郡南種子町,2024/10/17 14:17,2024/10/17 14:17
2820,46,熊毛郡屋久島町,2024/10/17 14:17,2024/10/17 14:17
2821,46,大島郡大和村,2024/10/17 14:17,2024/10/17 14:17
2822,46,大島郡宇検村,2024/10/17 14:17,2024/10/17 14:17
2823,46,大島郡瀬戸内町,2024/10/17 14:17,2024/10/17 14:17
2824,46,大島郡龍郷町,2024/10/17 14:17,2024/10/17 14:17
2825,46,大島郡喜界町,2024/10/17 14:17,2024/10/17 14:17
2826,46,大島郡徳之島町,2024/10/17 14:17,2024/10/17 14:17
2827,46,大島郡天城町,2024/10/17 14:17,2024/10/17 14:17
2828,46,大島郡伊仙町,2024/10/17 14:17,2024/10/17 14:17
2829,46,大島郡和泊町,2024/10/17 14:17,2024/10/17 14:17
2830,46,大島郡知名町,2024/10/17 14:17,2024/10/17 14:17
2831,46,大島郡与論町,2024/10/17 14:17,2024/10/17 14:17
2832,47,那覇市,2024/10/17 14:17,2024/10/17 14:17
2833,47,宜野湾市,2024/10/17 14:17,2024/10/17 14:17
2834,47,石垣市,2024/10/17 14:17,2024/10/17 14:17
2835,47,浦添市,2024/10/17 14:17,2024/10/17 14:17
2836,47,名護市,2024/10/17 14:17,2024/10/17 14:17
2837,47,糸満市,2024/10/17 14:17,2024/10/17 14:17
2838,47,沖縄市,2024/10/17 14:17,2024/10/17 14:17
2839,47,豊見城市,2024/10/17 14:17,2024/10/17 14:17
2840,47,うるま市,2024/10/17 14:17,2024/10/17 14:17
2841,47,宮古島市,2024/10/17 14:17,2024/10/17 14:17
2842,47,南城市,2024/10/17 14:17,2024/10/17 14:17
2843,47,国頭郡国頭村,2024/10/17 14:17,2024/10/17 14:17
2844,47,国頭郡大宜味村,2024/10/17 14:17,2024/10/17 14:17
2845,47,国頭郡東村,2024/10/17 14:18,2024/10/17 14:18
2846,47,国頭郡今帰仁村,2024/10/17 14:18,2024/10/17 14:18
2847,47,国頭郡本部町,2024/10/17 14:18,2024/10/17 14:18
2848,47,国頭郡恩納村,2024/10/17 14:18,2024/10/17 14:18
2849,47,国頭郡宜野座村,2024/10/17 14:18,2024/10/17 14:18
2850,47,国頭郡金武町,2024/10/17 14:18,2024/10/17 14:18
2851,47,国頭郡伊江村,2024/10/17 14:18,2024/10/17 14:18
2852,47,中頭郡読谷村,2024/10/17 14:18,2024/10/17 14:18
2853,47,中頭郡嘉手納町,2024/10/17 14:18,2024/10/17 14:18
2854,47,中頭郡北谷町,2024/10/17 14:18,2024/10/17 14:18
2855,47,中頭郡北中城村,2024/10/17 14:18,2024/10/17 14:18
2856,47,中頭郡中城村,2024/10/17 14:18,2024/10/17 14:18
2857,47,中頭郡西原町,2024/10/17 14:18,2024/10/17 14:18
2858,47,島尻郡与那原町,2024/10/17 14:18,2024/10/17 14:18
2859,47,島尻郡南風原町,2024/10/17 14:18,2024/10/17 14:18
2860,47,島尻郡渡嘉敷村,2024/10/17 14:18,2024/10/17 14:18
2861,47,島尻郡座間味村,2024/10/17 14:18,2024/10/17 14:18
2862,47,島尻郡粟国村,2024/10/17 14:18,2024/10/17 14:18
2863,47,島尻郡渡名喜村,2024/10/17 14:18,2024/10/17 14:18
2864,47,島尻郡南大東村,2024/10/17 14:18,2024/10/17 14:18
2865,47,島尻郡北大東村,2024/10/17 14:18,2024/10/17 14:18
2866,47,島尻郡伊平屋村,2024/10/17 14:18,2024/10/17 14:18
2867,47,島尻郡伊是名村,2024/10/17 14:18,2024/10/17 14:18
2868,47,島尻郡久米島町,2024/10/17 14:18,2024/10/17 14:18
2869,47,島尻郡八重瀬町,2024/10/17 14:18,2024/10/17 14:18
2870,47,宮古郡多良間村,2024/10/17 14:18,2024/10/17 14:18
2871,47,八重山郡竹富町,2024/10/17 14:18,2024/10/17 14:18
2872,47,八重山郡与那国町,2024/10/17 14:18,2024/10/17 14:18